INSERT INTO ch_channel (CHANNEL_CODE, CHANNEL_CN_NAME, CHANNEL_TYPE, CHANNEL_BK_DESC, BACKUP_FLD, RCD_STATE) VALUES ('01', 'PCWEB端', 1, 'PCWEB端接入渠道', null, 1);
INSERT INTO ch_channel (CHANNEL_CODE, CHANNEL_CN_NAME, CHANNEL_TYPE, CHANNEL_BK_DESC, BACKUP_FLD, RCD_STATE) VALUES ('02', 'IOS端', 3, 'IOS端', null, 1);
INSERT INTO ch_channel_srvg_priv (CHANNEL_CODE, SRVG_CODE, BACKUP_FLD) VALUES ('01', '01', null);
INSERT INTO ch_channel_srvg_priv (CHANNEL_CODE, SRVG_CODE, BACKUP_FLD) VALUES ('01', '02', null);
INSERT INTO ch_channel_srvg_priv (CHANNEL_CODE, SRVG_CODE, BACKUP_FLD) VALUES ('01', '03', null);
INSERT INTO ch_channel_srvg_priv (CHANNEL_CODE, SRVG_CODE, BACKUP_FLD) VALUES ('01', '04', null);
INSERT INTO ch_channel_srvg_priv (CHANNEL_CODE, SRVG_CODE, BACKUP_FLD) VALUES ('01', '05', null);
INSERT INTO ch_channel_srvg_priv (CHANNEL_CODE, SRVG_CODE, BACKUP_FLD) VALUES ('01', '06', null);
INSERT INTO ch_channel_srvg_priv (CHANNEL_CODE, SRVG_CODE, BACKUP_FLD) VALUES ('01', '07', null);
INSERT INTO ch_channel_srvg_priv (CHANNEL_CODE, SRVG_CODE, BACKUP_FLD) VALUES ('01', '08', null);
INSERT INTO ch_channel_srvg_priv (CHANNEL_CODE, SRVG_CODE, BACKUP_FLD) VALUES ('01', '09', null);
INSERT INTO ch_channel_srvg_priv (CHANNEL_CODE, SRVG_CODE, BACKUP_FLD) VALUES ('01', '10', null);
INSERT INTO ch_channel_srvg_priv (CHANNEL_CODE, SRVG_CODE, BACKUP_FLD) VALUES ('01', '11', null);
INSERT INTO cm_seq (SEQ_NAME, CUR_BK_SEQ, SEQ_FLD_LENGTH, SEQ_TYPE, LMOD_BK_DATE, LS_BK_SEQ) VALUES ('BACHID', 0, 4, 2, to_date('0001-01-01','yyyy-mm-dd'), 0);
INSERT INTO cm_seq (SEQ_NAME, CUR_BK_SEQ, SEQ_FLD_LENGTH, SEQ_TYPE, LMOD_BK_DATE, LS_BK_SEQ) VALUES ('CHCODE', 2, 2, 1, to_date('0001-01-01','yyyy-mm-dd'), 0);
INSERT INTO cm_seq (SEQ_NAME, CUR_BK_SEQ, SEQ_FLD_LENGTH, SEQ_TYPE, LMOD_BK_DATE, LS_BK_SEQ) VALUES ('COMPID', 0, 4, 1, to_date('0001-01-01','yyyy-mm-dd'), 0);
INSERT INTO cm_seq (SEQ_NAME, CUR_BK_SEQ, SEQ_FLD_LENGTH, SEQ_TYPE, LMOD_BK_DATE, LS_BK_SEQ) VALUES ('DEPTID', 3, 4, 1, to_date('0001-01-01','yyyy-mm-dd'), 0);
INSERT INTO cm_seq (SEQ_NAME, CUR_BK_SEQ, SEQ_FLD_LENGTH, SEQ_TYPE, LMOD_BK_DATE, LS_BK_SEQ) VALUES ('DIRID', 0, 4, 1, to_date('0001-01-01','yyyy-mm-dd'), 0);
INSERT INTO cm_seq (SEQ_NAME, CUR_BK_SEQ, SEQ_FLD_LENGTH, SEQ_TYPE, LMOD_BK_DATE, LS_BK_SEQ) VALUES ('GOUPSQ', 0, 2, 2, to_date('0001-01-01','yyyy-mm-dd'), 0);
INSERT INTO cm_seq (SEQ_NAME, CUR_BK_SEQ, SEQ_FLD_LENGTH, SEQ_TYPE, LMOD_BK_DATE, LS_BK_SEQ) VALUES ('INTEID', 0, 6, 1, to_date('0001-01-01','yyyy-mm-dd'), 0);
INSERT INTO cm_seq (SEQ_NAME, CUR_BK_SEQ, SEQ_FLD_LENGTH, SEQ_TYPE, LMOD_BK_DATE, LS_BK_SEQ) VALUES ('PLANSQ', 0, 2, 2, to_date('0001-01-01','yyyy-mm-dd'), 0);
INSERT INTO cm_seq (SEQ_NAME, CUR_BK_SEQ, SEQ_FLD_LENGTH, SEQ_TYPE, LMOD_BK_DATE, LS_BK_SEQ) VALUES ('ROLEID', 0, 2, 1, to_date('0001-01-01','yyyy-mm-dd'), 0);
INSERT INTO cm_seq (SEQ_NAME, CUR_BK_SEQ, SEQ_FLD_LENGTH, SEQ_TYPE, LMOD_BK_DATE, LS_BK_SEQ) VALUES ('SOCID', 0, 10, 1, to_date('0001-01-01','yyyy-mm-dd'), 0);
INSERT INTO cm_seq (SEQ_NAME, CUR_BK_SEQ, SEQ_FLD_LENGTH, SEQ_TYPE, LMOD_BK_DATE, LS_BK_SEQ) VALUES ('SRVGSQ', 11, 2, 1, to_date('0001-01-01','yyyy-mm-dd'), 0);
INSERT INTO cm_seq (SEQ_NAME, CUR_BK_SEQ, SEQ_FLD_LENGTH, SEQ_TYPE, LMOD_BK_DATE, LS_BK_SEQ) VALUES ('STISSQ', 0, 10, 1, to_date('0001-01-01','yyyy-mm-dd'), 0);
INSERT INTO cm_seq (SEQ_NAME, CUR_BK_SEQ, SEQ_FLD_LENGTH, SEQ_TYPE, LMOD_BK_DATE, LS_BK_SEQ) VALUES ('WKSP0', 0, 8, 2, to_date('0001-01-01','yyyy-mm-dd'), 0);
INSERT INTO cm_seq (SEQ_NAME, CUR_BK_SEQ, SEQ_FLD_LENGTH, SEQ_TYPE, LMOD_BK_DATE, LS_BK_SEQ) VALUES ('WKSP00', 0, 8, 2, to_date('0001-01-01','yyyy-mm-dd'), 0);
INSERT INTO cm_seq (SEQ_NAME, CUR_BK_SEQ, SEQ_FLD_LENGTH, SEQ_TYPE, LMOD_BK_DATE, LS_BK_SEQ) VALUES ('WKSP01', 0, 8, 2, to_date('0001-01-01','yyyy-mm-dd'), 0);
INSERT INTO cm_seq (SEQ_NAME, CUR_BK_SEQ, SEQ_FLD_LENGTH, SEQ_TYPE, LMOD_BK_DATE, LS_BK_SEQ) VALUES ('WKSP04', 0, 8, 2, to_date('0001-01-01','yyyy-mm-dd'), 0);
INSERT INTO cm_seq (SEQ_NAME, CUR_BK_SEQ, SEQ_FLD_LENGTH, SEQ_TYPE, LMOD_BK_DATE, LS_BK_SEQ) VALUES ('WKSP08', 0, 8, 2, to_date('0001-01-01','yyyy-mm-dd'), 0);
INSERT INTO cm_seq (SEQ_NAME, CUR_BK_SEQ, SEQ_FLD_LENGTH, SEQ_TYPE, LMOD_BK_DATE, LS_BK_SEQ) VALUES ('WORKID', 0, 4, 2, to_date('0001-01-01','yyyy-mm-dd'), 0);
INSERT INTO cm_seq (SEQ_NAME, CUR_BK_SEQ, SEQ_FLD_LENGTH, SEQ_TYPE, LMOD_BK_DATE, LS_BK_SEQ) VALUES ('WORKSQ', 0, 9, 2, to_date('0001-01-01','yyyy-mm-dd'), 0);
INSERT INTO cm_seq (SEQ_NAME, CUR_BK_SEQ, SEQ_FLD_LENGTH, SEQ_TYPE, LMOD_BK_DATE, LS_BK_SEQ) VALUES ('PROGID', 0, 4, 2, to_date('0001-01-01','yyyy-mm-dd'), 0);
INSERT INTO cm_seq (SEQ_NAME, CUR_BK_SEQ, SEQ_FLD_LENGTH, SEQ_TYPE, LMOD_BK_DATE, LS_BK_SEQ) VALUES ('STORID', 0, 4, 2, to_date('0001-01-01','yyyy-mm-dd'), 0);
INSERT INTO dc_dict (DOMAIN_NAME, DOMAIN_CN_NAME, FLD_TYPE, FLD_LENGTH, FLD_SCALE, ENU_YN_FLAG) VALUES ('APROV_TYPE', '审批方式', 'int', 1, 0, 1);
INSERT INTO dc_dict (DOMAIN_NAME, DOMAIN_CN_NAME, FLD_TYPE, FLD_LENGTH, FLD_SCALE, ENU_YN_FLAG) VALUES ('ARY_SOCNAME', '数据源数组', 'varchar', 100, 0, 2);
INSERT INTO dc_dict (DOMAIN_NAME, DOMAIN_CN_NAME, FLD_TYPE, FLD_LENGTH, FLD_SCALE, ENU_YN_FLAG) VALUES ('AUTH_FLAG', 'AUTH_FLAG', 'int', 1, 0, 1);
INSERT INTO dc_dict (DOMAIN_NAME, DOMAIN_CN_NAME, FLD_TYPE, FLD_LENGTH, FLD_SCALE, ENU_YN_FLAG) VALUES ('AUTH_SEQ', '授权序号', 'int', 11, 0, 1);
INSERT INTO dc_dict (DOMAIN_NAME, DOMAIN_CN_NAME, FLD_TYPE, FLD_LENGTH, FLD_SCALE, ENU_YN_FLAG) VALUES ('AUTH_TYPE', '授权类型', 'int', 11, 0, 1);
INSERT INTO dc_dict (DOMAIN_NAME, DOMAIN_CN_NAME, FLD_TYPE, FLD_LENGTH, FLD_SCALE, ENU_YN_FLAG) VALUES ('BACKUP_FLD', '备用字段', 'varchar', 50, 0, 2);
INSERT INTO dc_dict (DOMAIN_NAME, DOMAIN_CN_NAME, FLD_TYPE, FLD_LENGTH, FLD_SCALE, ENU_YN_FLAG) VALUES ('BK_DATE', '日期', 'date', 11, 0, 2);
INSERT INTO dc_dict (DOMAIN_NAME, DOMAIN_CN_NAME, FLD_TYPE, FLD_LENGTH, FLD_SCALE, ENU_YN_FLAG) VALUES ('BK_DESC', '描述', 'varchar', 100, 0, 2);
INSERT INTO dc_dict (DOMAIN_NAME, DOMAIN_CN_NAME, FLD_TYPE, FLD_LENGTH, FLD_SCALE, ENU_YN_FLAG) VALUES ('BK_EXPL', '说明', 'varchar', 500, 0, 2);
INSERT INTO dc_dict (DOMAIN_NAME, DOMAIN_CN_NAME, FLD_TYPE, FLD_LENGTH, FLD_SCALE, ENU_YN_FLAG) VALUES ('BK_FNAME', '文件名', 'varchar', 50, 0, 2);
INSERT INTO dc_dict (DOMAIN_NAME, DOMAIN_CN_NAME, FLD_TYPE, FLD_LENGTH, FLD_SCALE, ENU_YN_FLAG) VALUES ('BK_NUM', '数量', 'int', 11, 0, 2);
INSERT INTO dc_dict (DOMAIN_NAME, DOMAIN_CN_NAME, FLD_TYPE, FLD_LENGTH, FLD_SCALE, ENU_YN_FLAG) VALUES ('BK_PIXEL', '像素', 'varchar', 6, 0, 2);
INSERT INTO dc_dict (DOMAIN_NAME, DOMAIN_CN_NAME, FLD_TYPE, FLD_LENGTH, FLD_SCALE, ENU_YN_FLAG) VALUES ('BK_SEQ', '序号', 'bigint', 11, 0, 2);
INSERT INTO dc_dict (DOMAIN_NAME, DOMAIN_CN_NAME, FLD_TYPE, FLD_LENGTH, FLD_SCALE, ENU_YN_FLAG) VALUES ('BK_TIME', '时间', 'time', 11, 0, 2);
INSERT INTO dc_dict (DOMAIN_NAME, DOMAIN_CN_NAME, FLD_TYPE, FLD_LENGTH, FLD_SCALE, ENU_YN_FLAG) VALUES ('BK_TIMEOUT', '超时时间', 'long', 11, 0, 2);
INSERT INTO dc_dict (DOMAIN_NAME, DOMAIN_CN_NAME, FLD_TYPE, FLD_LENGTH, FLD_SCALE, ENU_YN_FLAG) VALUES ('BK_TM', '时间戳', 'timestamp', 11, 0, 2);
INSERT INTO dc_dict (DOMAIN_NAME, DOMAIN_CN_NAME, FLD_TYPE, FLD_LENGTH, FLD_SCALE, ENU_YN_FLAG) VALUES ('BRANCH_NO', '机构号', 'varchar', 10, 0, 2);
INSERT INTO dc_dict (DOMAIN_NAME, DOMAIN_CN_NAME, FLD_TYPE, FLD_LENGTH, FLD_SCALE, ENU_YN_FLAG) VALUES ('BUTTON_NAME', '按钮名称', 'varchar', 4, 0, 2);
INSERT INTO dc_dict (DOMAIN_NAME, DOMAIN_CN_NAME, FLD_TYPE, FLD_LENGTH, FLD_SCALE, ENU_YN_FLAG) VALUES ('CHANNEL_CODE', '渠道编码', 'char', 2, 0, 2);
INSERT INTO dc_dict (DOMAIN_NAME, DOMAIN_CN_NAME, FLD_TYPE, FLD_LENGTH, FLD_SCALE, ENU_YN_FLAG) VALUES ('CHECK_FLAG', '是否复核', 'int', 11, 0, 1);
INSERT INTO dc_dict (DOMAIN_NAME, DOMAIN_CN_NAME, FLD_TYPE, FLD_LENGTH, FLD_SCALE, ENU_YN_FLAG) VALUES ('CHECK_SEQ', '复核序号', 'int', 11, 0, 2);
INSERT INTO dc_dict (DOMAIN_NAME, DOMAIN_CN_NAME, FLD_TYPE, FLD_LENGTH, FLD_SCALE, ENU_YN_FLAG) VALUES ('CLASS_NAME', '类名', 'varchar', 100, 0, 2);
INSERT INTO dc_dict (DOMAIN_NAME, DOMAIN_CN_NAME, FLD_TYPE, FLD_LENGTH, FLD_SCALE, ENU_YN_FLAG) VALUES ('CN_NAME', '中文名称', 'varchar', 50, 0, 2);
INSERT INTO dc_dict (DOMAIN_NAME, DOMAIN_CN_NAME, FLD_TYPE, FLD_LENGTH, FLD_SCALE, ENU_YN_FLAG) VALUES ('COL_NAME', '列名称', 'char', 50, 0, 2);
INSERT INTO dc_dict (DOMAIN_NAME, DOMAIN_CN_NAME, FLD_TYPE, FLD_LENGTH, FLD_SCALE, ENU_YN_FLAG) VALUES ('CVT_TYPE', '转码方式', 'int', 11, 0, 1);
INSERT INTO dc_dict (DOMAIN_NAME, DOMAIN_CN_NAME, FLD_TYPE, FLD_LENGTH, FLD_SCALE, ENU_YN_FLAG) VALUES ('DEAL_RES', '处理结果', 'int', 11, 0, 1);
INSERT INTO dc_dict (DOMAIN_NAME, DOMAIN_CN_NAME, FLD_TYPE, FLD_LENGTH, FLD_SCALE, ENU_YN_FLAG) VALUES ('DEAL_SEQ', '处理序号', 'int', 11, 0, 2);
INSERT INTO dc_dict (DOMAIN_NAME, DOMAIN_CN_NAME, FLD_TYPE, FLD_LENGTH, FLD_SCALE, ENU_YN_FLAG) VALUES ('DEAL_TYPE', '处理类型', 'int', 11, 0, 1);
INSERT INTO dc_dict (DOMAIN_NAME, DOMAIN_CN_NAME, FLD_TYPE, FLD_LENGTH, FLD_SCALE, ENU_YN_FLAG) VALUES ('DEPT_ID', '部门编码', 'char', 4, 0, 2);
INSERT INTO dc_dict (DOMAIN_NAME, DOMAIN_CN_NAME, FLD_TYPE, FLD_LENGTH, FLD_SCALE, ENU_YN_FLAG) VALUES ('DEPT_LEVEL', '部门级别', 'int', 11, 0, 2);
INSERT INTO dc_dict (DOMAIN_NAME, DOMAIN_CN_NAME, FLD_TYPE, FLD_LENGTH, FLD_SCALE, ENU_YN_FLAG) VALUES ('DEPT_TYPE', '部门类型', 'int', 11, 0, 1);
INSERT INTO dc_dict (DOMAIN_NAME, DOMAIN_CN_NAME, FLD_TYPE, FLD_LENGTH, FLD_SCALE, ENU_YN_FLAG) VALUES ('DOMAIN_NAME', '域名称', 'varchar', 20, 0, 2);
INSERT INTO dc_dict (DOMAIN_NAME, DOMAIN_CN_NAME, FLD_TYPE, FLD_LENGTH, FLD_SCALE, ENU_YN_FLAG) VALUES ('DPRL_CODE', '部门角色编码', 'char', 6, 0, 2);
INSERT INTO dc_dict (DOMAIN_NAME, DOMAIN_CN_NAME, FLD_TYPE, FLD_LENGTH, FLD_SCALE, ENU_YN_FLAG) VALUES ('DSP_TYPE', '显示方式', 'int', 11, 0, 1);
INSERT INTO dc_dict (DOMAIN_NAME, DOMAIN_CN_NAME, FLD_TYPE, FLD_LENGTH, FLD_SCALE, ENU_YN_FLAG) VALUES ('EMAIL_ADD', '邮箱', 'varchar', 50, 0, 2);
INSERT INTO dc_dict (DOMAIN_NAME, DOMAIN_CN_NAME, FLD_TYPE, FLD_LENGTH, FLD_SCALE, ENU_YN_FLAG) VALUES ('ENU_CODE', '枚举代码', 'varchar', 50, 0, 2);
INSERT INTO dc_dict (DOMAIN_NAME, DOMAIN_CN_NAME, FLD_TYPE, FLD_LENGTH, FLD_SCALE, ENU_YN_FLAG) VALUES ('ENU_VALUE', '枚举选项值', 'int', 11, 0, 2);
INSERT INTO dc_dict (DOMAIN_NAME, DOMAIN_CN_NAME, FLD_TYPE, FLD_LENGTH, FLD_SCALE, ENU_YN_FLAG) VALUES ('FIELD_CNAME', '字段中文名称', 'char', 50, 0, 2);
INSERT INTO dc_dict (DOMAIN_NAME, DOMAIN_CN_NAME, FLD_TYPE, FLD_LENGTH, FLD_SCALE, ENU_YN_FLAG) VALUES ('FIELD_NAME', '字段名称', 'char', 50, 0, 2);
INSERT INTO dc_dict (DOMAIN_NAME, DOMAIN_CN_NAME, FLD_TYPE, FLD_LENGTH, FLD_SCALE, ENU_YN_FLAG) VALUES ('FILE_PATH', '文件路径', 'varchar', 200, 0, 2);
INSERT INTO dc_dict (DOMAIN_NAME, DOMAIN_CN_NAME, FLD_TYPE, FLD_LENGTH, FLD_SCALE, ENU_YN_FLAG) VALUES ('FLD_LENGTH', '长度', 'int', 11, 0, 2);
INSERT INTO dc_dict (DOMAIN_NAME, DOMAIN_CN_NAME, FLD_TYPE, FLD_LENGTH, FLD_SCALE, ENU_YN_FLAG) VALUES ('FLD_SCALE', '小数位', 'int', 11, 0, 2);
INSERT INTO dc_dict (DOMAIN_NAME, DOMAIN_CN_NAME, FLD_TYPE, FLD_LENGTH, FLD_SCALE, ENU_YN_FLAG) VALUES ('FLD_TYPE', '类型', 'varchar', 20, 0, 2);
INSERT INTO dc_dict (DOMAIN_NAME, DOMAIN_CN_NAME, FLD_TYPE, FLD_LENGTH, FLD_SCALE, ENU_YN_FLAG) VALUES ('FULL_CNAME', '中文全称', 'varchar', 50, 0, 2);
INSERT INTO dc_dict (DOMAIN_NAME, DOMAIN_CN_NAME, FLD_TYPE, FLD_LENGTH, FLD_SCALE, ENU_YN_FLAG) VALUES ('FUN_TYPE', '功能类型', 'int', 11, 0, 1);
INSERT INTO dc_dict (DOMAIN_NAME, DOMAIN_CN_NAME, FLD_TYPE, FLD_LENGTH, FLD_SCALE, ENU_YN_FLAG) VALUES ('INTE_DETAIL', '接口明细', 'blob', 11, 0, 2);
INSERT INTO dc_dict (DOMAIN_NAME, DOMAIN_CN_NAME, FLD_TYPE, FLD_LENGTH, FLD_SCALE, ENU_YN_FLAG) VALUES ('INTE_NAME', '接口名称', 'char', 50, 0, 2);
INSERT INTO dc_dict (DOMAIN_NAME, DOMAIN_CN_NAME, FLD_TYPE, FLD_LENGTH, FLD_SCALE, ENU_YN_FLAG) VALUES ('INTE_SEQ', '接口序号', 'int', 11, 0, 2);
INSERT INTO dc_dict (DOMAIN_NAME, DOMAIN_CN_NAME, FLD_TYPE, FLD_LENGTH, FLD_SCALE, ENU_YN_FLAG) VALUES ('INTE_TYPE', '接口类型', 'varchar', 10, 0, 2);
INSERT INTO dc_dict (DOMAIN_NAME, DOMAIN_CN_NAME, FLD_TYPE, FLD_LENGTH, FLD_SCALE, ENU_YN_FLAG) VALUES ('INTE_VALUE', '接口值', 'varchar', 1000, 0, 2);
INSERT INTO dc_dict (DOMAIN_NAME, DOMAIN_CN_NAME, FLD_TYPE, FLD_LENGTH, FLD_SCALE, ENU_YN_FLAG) VALUES ('IS_PUBLISH', '是否发布', 'int', 11, 0, 1);
INSERT INTO dc_dict (DOMAIN_NAME, DOMAIN_CN_NAME, FLD_TYPE, FLD_LENGTH, FLD_SCALE, ENU_YN_FLAG) VALUES ('JDBC_DRV', 'Jdbc_driver', 'varchar', 50, 0, 2);
INSERT INTO dc_dict (DOMAIN_NAME, DOMAIN_CN_NAME, FLD_TYPE, FLD_LENGTH, FLD_SCALE, ENU_YN_FLAG) VALUES ('JDBC_SCHEMA', 'jdbc_schema', 'varchar', 50, 0, 2);
INSERT INTO dc_dict (DOMAIN_NAME, DOMAIN_CN_NAME, FLD_TYPE, FLD_LENGTH, FLD_SCALE, ENU_YN_FLAG) VALUES ('JDBC_URL', 'Jdbc_url', 'varchar', 100, 0, 2);
INSERT INTO dc_dict (DOMAIN_NAME, DOMAIN_CN_NAME, FLD_TYPE, FLD_LENGTH, FLD_SCALE, ENU_YN_FLAG) VALUES ('LOCAL_SCRIPT', '脚本名称', 'varchar', 50, 0, 2);
INSERT INTO dc_dict (DOMAIN_NAME, DOMAIN_CN_NAME, FLD_TYPE, FLD_LENGTH, FLD_SCALE, ENU_YN_FLAG) VALUES ('LOG_LABEL', '日志标记', 'int', 1, 0, 2);
INSERT INTO dc_dict (DOMAIN_NAME, DOMAIN_CN_NAME, FLD_TYPE, FLD_LENGTH, FLD_SCALE, ENU_YN_FLAG) VALUES ('LOG_LEVEL', '日志级别', 'int', 1, 0, 2);
INSERT INTO dc_dict (DOMAIN_NAME, DOMAIN_CN_NAME, FLD_TYPE, FLD_LENGTH, FLD_SCALE, ENU_YN_FLAG) VALUES ('LOG_NAME', '文件名称', 'varchar', 50, 0, 2);
INSERT INTO dc_dict (DOMAIN_NAME, DOMAIN_CN_NAME, FLD_TYPE, FLD_LENGTH, FLD_SCALE, ENU_YN_FLAG) VALUES ('LOG_TXT', '日志内容', 'varchar', 1000, 0, 2);
INSERT INTO dc_dict (DOMAIN_NAME, DOMAIN_CN_NAME, FLD_TYPE, FLD_LENGTH, FLD_SCALE, ENU_YN_FLAG) VALUES ('METHOD_NAME ', '方法名', 'varchar', 11, 0, 2);
INSERT INTO dc_dict (DOMAIN_NAME, DOMAIN_CN_NAME, FLD_TYPE, FLD_LENGTH, FLD_SCALE, ENU_YN_FLAG) VALUES ('MSG_TEXT', '消息正文', 'varchar', 32768, 0, 2);
INSERT INTO dc_dict (DOMAIN_NAME, DOMAIN_CN_NAME, FLD_TYPE, FLD_LENGTH, FLD_SCALE, ENU_YN_FLAG) VALUES ('MSG_TITLE', '消息标题', 'varchar', 200, 0, 2);
INSERT INTO dc_dict (DOMAIN_NAME, DOMAIN_CN_NAME, FLD_TYPE, FLD_LENGTH, FLD_SCALE, ENU_YN_FLAG) VALUES ('MSG_TYPE', '消息类型', 'int', 1, 0, 1);
INSERT INTO dc_dict (DOMAIN_NAME, DOMAIN_CN_NAME, FLD_TYPE, FLD_LENGTH, FLD_SCALE, ENU_YN_FLAG) VALUES ('NOT_NULL', '是否必输', 'int', 11, 0, 1);
INSERT INTO dc_dict (DOMAIN_NAME, DOMAIN_CN_NAME, FLD_TYPE, FLD_LENGTH, FLD_SCALE, ENU_YN_FLAG) VALUES ('OPT_TYPE', '操作类型', 'int', 11, 0, 1);
INSERT INTO dc_dict (DOMAIN_NAME, DOMAIN_CN_NAME, FLD_TYPE, FLD_LENGTH, FLD_SCALE, ENU_YN_FLAG) VALUES ('PBL_CODE', '问题单编码', 'varchar', 20, 0, 2);
INSERT INTO dc_dict (DOMAIN_NAME, DOMAIN_CN_NAME, FLD_TYPE, FLD_LENGTH, FLD_SCALE, ENU_YN_FLAG) VALUES ('PHONE_NO', '电话号码', 'varchar', 11, 0, 2);
INSERT INTO dc_dict (DOMAIN_NAME, DOMAIN_CN_NAME, FLD_TYPE, FLD_LENGTH, FLD_SCALE, ENU_YN_FLAG) VALUES ('PRIV_FLAG', '权限', 'int', 11, 0, 1);
INSERT INTO dc_dict (DOMAIN_NAME, DOMAIN_CN_NAME, FLD_TYPE, FLD_LENGTH, FLD_SCALE, ENU_YN_FLAG) VALUES ('PRIV_TYPE', '权限类型', 'int', 11, 0, 1);
INSERT INTO dc_dict (DOMAIN_NAME, DOMAIN_CN_NAME, FLD_TYPE, FLD_LENGTH, FLD_SCALE, ENU_YN_FLAG) VALUES ('PROC_STATE', '程序运行状态', 'int', 11, 0, 1);
INSERT INTO dc_dict (DOMAIN_NAME, DOMAIN_CN_NAME, FLD_TYPE, FLD_LENGTH, FLD_SCALE, ENU_YN_FLAG) VALUES ('PROTOCOL_TYPE', '协议类型', 'int', 11, 0, 1);
INSERT INTO dc_dict (DOMAIN_NAME, DOMAIN_CN_NAME, FLD_TYPE, FLD_LENGTH, FLD_SCALE, ENU_YN_FLAG) VALUES ('QUERY_TYPE', '查询类型', 'int', 1, 0, 1);
INSERT INTO dc_dict (DOMAIN_NAME, DOMAIN_CN_NAME, FLD_TYPE, FLD_LENGTH, FLD_SCALE, ENU_YN_FLAG) VALUES ('QUERY_WKTYPE', '任务查询类型', 'int', 11, 0, 1);
INSERT INTO dc_dict (DOMAIN_NAME, DOMAIN_CN_NAME, FLD_TYPE, FLD_LENGTH, FLD_SCALE, ENU_YN_FLAG) VALUES ('RCD_STATE', '记录状态', 'int', 11, 0, 1);
INSERT INTO dc_dict (DOMAIN_NAME, DOMAIN_CN_NAME, FLD_TYPE, FLD_LENGTH, FLD_SCALE, ENU_YN_FLAG) VALUES ('RC_FLAG', '接收标志', 'int', 1, 0, 1);
INSERT INTO dc_dict (DOMAIN_NAME, DOMAIN_CN_NAME, FLD_TYPE, FLD_LENGTH, FLD_SCALE, ENU_YN_FLAG) VALUES ('REMOTE_PASSWD', '服务器登陆密码', 'varchar', 32, 0, 2);
INSERT INTO dc_dict (DOMAIN_NAME, DOMAIN_CN_NAME, FLD_TYPE, FLD_LENGTH, FLD_SCALE, ENU_YN_FLAG) VALUES ('REMOTE_UNAME', '服务器登陆用户名', 'varchar', 20, 0, 2);
INSERT INTO dc_dict (DOMAIN_NAME, DOMAIN_CN_NAME, FLD_TYPE, FLD_LENGTH, FLD_SCALE, ENU_YN_FLAG) VALUES ('ROLE_CODE', '角色编码', 'char', 2, 0, 2);
INSERT INTO dc_dict (DOMAIN_NAME, DOMAIN_CN_NAME, FLD_TYPE, FLD_LENGTH, FLD_SCALE, ENU_YN_FLAG) VALUES ('ROLE_TYPE', '角色类型', 'int', 11, 0, 1);
INSERT INTO dc_dict (DOMAIN_NAME, DOMAIN_CN_NAME, FLD_TYPE, FLD_LENGTH, FLD_SCALE, ENU_YN_FLAG) VALUES ('ROOT_PATH', '根路径', 'varchar', 200, 0, 2);
INSERT INTO dc_dict (DOMAIN_NAME, DOMAIN_CN_NAME, FLD_TYPE, FLD_LENGTH, FLD_SCALE, ENU_YN_FLAG) VALUES ('RSIM_URL', '资源图标地址', 'varchar', 200, 0, 2);
INSERT INTO dc_dict (DOMAIN_NAME, DOMAIN_CN_NAME, FLD_TYPE, FLD_LENGTH, FLD_SCALE, ENU_YN_FLAG) VALUES ('RS_CODE', '资源编码', 'char', 10, 0, 2);
INSERT INTO dc_dict (DOMAIN_NAME, DOMAIN_CN_NAME, FLD_TYPE, FLD_LENGTH, FLD_SCALE, ENU_YN_FLAG) VALUES ('RS_LEVEL', '资源级别', 'int', 11, 0, 2);
INSERT INTO dc_dict (DOMAIN_NAME, DOMAIN_CN_NAME, FLD_TYPE, FLD_LENGTH, FLD_SCALE, ENU_YN_FLAG) VALUES ('RS_URL', '资源地址', 'varchar', 200, 0, 2);
INSERT INTO dc_dict (DOMAIN_NAME, DOMAIN_CN_NAME, FLD_TYPE, FLD_LENGTH, FLD_SCALE, ENU_YN_FLAG) VALUES ('SALLOW_FLAG', '服务允许标志', 'int', 1, 0, 1);
INSERT INTO dc_dict (DOMAIN_NAME, DOMAIN_CN_NAME, FLD_TYPE, FLD_LENGTH, FLD_SCALE, ENU_YN_FLAG) VALUES ('SEQ_NAME', '序号名称', 'char', 6, 0, 2);
INSERT INTO dc_dict (DOMAIN_NAME, DOMAIN_CN_NAME, FLD_TYPE, FLD_LENGTH, FLD_SCALE, ENU_YN_FLAG) VALUES ('SEQ_TYPE', '序号类型', 'int', 11, 0, 1);
INSERT INTO dc_dict (DOMAIN_NAME, DOMAIN_CN_NAME, FLD_TYPE, FLD_LENGTH, FLD_SCALE, ENU_YN_FLAG) VALUES ('SOC_DOMAIN', '数据源域名', 'char', 20, 0, 2);
INSERT INTO dc_dict (DOMAIN_NAME, DOMAIN_CN_NAME, FLD_TYPE, FLD_LENGTH, FLD_SCALE, ENU_YN_FLAG) VALUES ('SOC_FLAG', '是否定义数据源', 'int', 11, 0, 1);
INSERT INTO dc_dict (DOMAIN_NAME, DOMAIN_CN_NAME, FLD_TYPE, FLD_LENGTH, FLD_SCALE, ENU_YN_FLAG) VALUES ('SOC_IP', 'IP地址', 'char', 20, 0, 2);
INSERT INTO dc_dict (DOMAIN_NAME, DOMAIN_CN_NAME, FLD_TYPE, FLD_LENGTH, FLD_SCALE, ENU_YN_FLAG) VALUES ('SOC_NAME', '数据源名称', 'char', 10, 0, 2);
INSERT INTO dc_dict (DOMAIN_NAME, DOMAIN_CN_NAME, FLD_TYPE, FLD_LENGTH, FLD_SCALE, ENU_YN_FLAG) VALUES ('SOC_PORT', '端口号', 'int', 11, 0, 2);
INSERT INTO dc_dict (DOMAIN_NAME, DOMAIN_CN_NAME, FLD_TYPE, FLD_LENGTH, FLD_SCALE, ENU_YN_FLAG) VALUES ('SOC_SEQ', '数据源顺序号', 'int', 11, 0, 2);
INSERT INTO dc_dict (DOMAIN_NAME, DOMAIN_CN_NAME, FLD_TYPE, FLD_LENGTH, FLD_SCALE, ENU_YN_FLAG) VALUES ('SOL_STEP', '方案步骤', 'int', 11, 0, 2);
INSERT INTO dc_dict (DOMAIN_NAME, DOMAIN_CN_NAME, FLD_TYPE, FLD_LENGTH, FLD_SCALE, ENU_YN_FLAG) VALUES ('SORT_KEY', '排序键', 'varchar', 50, 0, 2);
INSERT INTO dc_dict (DOMAIN_NAME, DOMAIN_CN_NAME, FLD_TYPE, FLD_LENGTH, FLD_SCALE, ENU_YN_FLAG) VALUES ('SQL_TEXT', 'sql语句', 'varchar', 200, 0, 2);
INSERT INTO dc_dict (DOMAIN_NAME, DOMAIN_CN_NAME, FLD_TYPE, FLD_LENGTH, FLD_SCALE, ENU_YN_FLAG) VALUES ('SQL_TYPE', 'sql类型', 'int', 11, 0, 1);
INSERT INTO dc_dict (DOMAIN_NAME, DOMAIN_CN_NAME, FLD_TYPE, FLD_LENGTH, FLD_SCALE, ENU_YN_FLAG) VALUES ('SRV_NAME', '服务名称', 'char', 50, 0, 2);
INSERT INTO dc_dict (DOMAIN_NAME, DOMAIN_CN_NAME, FLD_TYPE, FLD_LENGTH, FLD_SCALE, ENU_YN_FLAG) VALUES ('SRV_TYPE', '服务类型', 'char', 10, 0, 2);
INSERT INTO dc_dict (DOMAIN_NAME, DOMAIN_CN_NAME, FLD_TYPE, FLD_LENGTH, FLD_SCALE, ENU_YN_FLAG) VALUES ('STEP_SQL', '步骤操作sql', 'varchar', 200, 0, 2);
INSERT INTO dc_dict (DOMAIN_NAME, DOMAIN_CN_NAME, FLD_TYPE, FLD_LENGTH, FLD_SCALE, ENU_YN_FLAG) VALUES ('SUBMIT_TYPE', '提交类型', 'int', 11, 0, 1);
INSERT INTO dc_dict (DOMAIN_NAME, DOMAIN_CN_NAME, FLD_TYPE, FLD_LENGTH, FLD_SCALE, ENU_YN_FLAG) VALUES ('SYNC_TYPE', '同异步类型', 'int', 11, 0, 1);
INSERT INTO dc_dict (DOMAIN_NAME, DOMAIN_CN_NAME, FLD_TYPE, FLD_LENGTH, FLD_SCALE, ENU_YN_FLAG) VALUES ('TBL_NAME', '表名', 'char', 50, 0, 2);
INSERT INTO dc_dict (DOMAIN_NAME, DOMAIN_CN_NAME, FLD_TYPE, FLD_LENGTH, FLD_SCALE, ENU_YN_FLAG) VALUES ('TELLER_NO', '柜员号', 'varchar', 6, 0, 2);
INSERT INTO dc_dict (DOMAIN_NAME, DOMAIN_CN_NAME, FLD_TYPE, FLD_LENGTH, FLD_SCALE, ENU_YN_FLAG) VALUES ('TERM_NO', '终端号', 'char', 23, 0, 2);
INSERT INTO dc_dict (DOMAIN_NAME, DOMAIN_CN_NAME, FLD_TYPE, FLD_LENGTH, FLD_SCALE, ENU_YN_FLAG) VALUES ('TERM_TYPE', '终端类型', 'int', 1, 0, 1);
INSERT INTO dc_dict (DOMAIN_NAME, DOMAIN_CN_NAME, FLD_TYPE, FLD_LENGTH, FLD_SCALE, ENU_YN_FLAG) VALUES ('TITLE_ABLE', '是否有标题', 'int', 11, 0, 1);
INSERT INTO dc_dict (DOMAIN_NAME, DOMAIN_CN_NAME, FLD_TYPE, FLD_LENGTH, FLD_SCALE, ENU_YN_FLAG) VALUES ('USER_ID', '用户名', 'char', 20, 0, 2);
INSERT INTO dc_dict (DOMAIN_NAME, DOMAIN_CN_NAME, FLD_TYPE, FLD_LENGTH, FLD_SCALE, ENU_YN_FLAG) VALUES ('USER_PASSWD', '用户密码', 'char', 32, 0, 2);
INSERT INTO dc_dict (DOMAIN_NAME, DOMAIN_CN_NAME, FLD_TYPE, FLD_LENGTH, FLD_SCALE, ENU_YN_FLAG) VALUES ('USER_TYPE', '用户类型', 'int', 11, 0, 1);
INSERT INTO dc_dict (DOMAIN_NAME, DOMAIN_CN_NAME, FLD_TYPE, FLD_LENGTH, FLD_SCALE, ENU_YN_FLAG) VALUES ('WORKFLOW_STATE', '工作状态', 'int', 11, 0, 1);
INSERT INTO dc_dict (DOMAIN_NAME, DOMAIN_CN_NAME, FLD_TYPE, FLD_LENGTH, FLD_SCALE, ENU_YN_FLAG) VALUES ('WORK_CODE', '工作编码', 'char', 10, 0, 2);
INSERT INTO dc_dict (DOMAIN_NAME, DOMAIN_CN_NAME, FLD_TYPE, FLD_LENGTH, FLD_SCALE, ENU_YN_FLAG) VALUES ('WORK_SEQ', '流水号', 'char', 14, 0, 2);
INSERT INTO dc_dict (DOMAIN_NAME, DOMAIN_CN_NAME, FLD_TYPE, FLD_LENGTH, FLD_SCALE, ENU_YN_FLAG) VALUES ('YN_FLAG', '是否标志', 'int', 11, 0, 1);



INSERT INTO dc_dict_enu (DOMAIN_NAME, ENU_VALUE, ENU_CODE, ENU_BK_EXPL) VALUES ('APROV_TYPE', 1, 'RECHECK', '复核');
INSERT INTO dc_dict_enu (DOMAIN_NAME, ENU_VALUE, ENU_CODE, ENU_BK_EXPL) VALUES ('APROV_TYPE', 2, 'AUTH', '授权');
INSERT INTO dc_dict_enu (DOMAIN_NAME, ENU_VALUE, ENU_CODE, ENU_BK_EXPL) VALUES ('AUTH_FLAG', 1, 'AUTH', '授权');
INSERT INTO dc_dict_enu (DOMAIN_NAME, ENU_VALUE, ENU_CODE, ENU_BK_EXPL) VALUES ('AUTH_FLAG', 2, 'NOAUTH', '不授权');
INSERT INTO dc_dict_enu (DOMAIN_NAME, ENU_VALUE, ENU_CODE, ENU_BK_EXPL) VALUES ('AUTH_FLAG', 3, 'FORBID', '禁止');
INSERT INTO dc_dict_enu (DOMAIN_NAME, ENU_VALUE, ENU_CODE, ENU_BK_EXPL) VALUES ('AUTH_TYPE', 1, 'LOCAL', '本地授权');
INSERT INTO dc_dict_enu (DOMAIN_NAME, ENU_VALUE, ENU_CODE, ENU_BK_EXPL) VALUES ('AUTH_TYPE', 2, 'REMOTE', '远程授权');
INSERT INTO dc_dict_enu (DOMAIN_NAME, ENU_VALUE, ENU_CODE, ENU_BK_EXPL) VALUES ('CHECK_FLAG', 1, 'RECHECK', '复核');
INSERT INTO dc_dict_enu (DOMAIN_NAME, ENU_VALUE, ENU_CODE, ENU_BK_EXPL) VALUES ('CHECK_FLAG', 2, 'NORECHECK', '不复核');
INSERT INTO dc_dict_enu (DOMAIN_NAME, ENU_VALUE, ENU_CODE, ENU_BK_EXPL) VALUES ('CHECK_FLAG', 3, 'FORBID', '禁止');
INSERT INTO dc_dict_enu (DOMAIN_NAME, ENU_VALUE, ENU_CODE, ENU_BK_EXPL) VALUES ('CVT_TYPE', 1, 'NOCVT', '不转码');
INSERT INTO dc_dict_enu (DOMAIN_NAME, ENU_VALUE, ENU_CODE, ENU_BK_EXPL) VALUES ('CVT_TYPE', 2, 'PLTCVT', 'GBK/EBCDIC平台互转');
INSERT INTO dc_dict_enu (DOMAIN_NAME, ENU_VALUE, ENU_CODE, ENU_BK_EXPL) VALUES ('CVT_TYPE', 3, 'SCPCVT', 'GBK/EBCDIC脚本互转');
INSERT INTO dc_dict_enu (DOMAIN_NAME, ENU_VALUE, ENU_CODE, ENU_BK_EXPL) VALUES ('CVT_TYPE', 4, 'FTPCVT', 'FTP自动转码');
INSERT INTO dc_dict_enu (DOMAIN_NAME, ENU_VALUE, ENU_CODE, ENU_BK_EXPL) VALUES ('DEAL_RES', 1, 'AGREE', '同意');
INSERT INTO dc_dict_enu (DOMAIN_NAME, ENU_VALUE, ENU_CODE, ENU_BK_EXPL) VALUES ('DEAL_RES', 2, 'REFUSE', '拒绝');
INSERT INTO dc_dict_enu (DOMAIN_NAME, ENU_VALUE, ENU_CODE, ENU_BK_EXPL) VALUES ('DEAL_RES', 3, 'NOTHING', '无关');
INSERT INTO dc_dict_enu (DOMAIN_NAME, ENU_VALUE, ENU_CODE, ENU_BK_EXPL) VALUES ('DEAL_TYPE', 1, 'RECHECK', '复核');
INSERT INTO dc_dict_enu (DOMAIN_NAME, ENU_VALUE, ENU_CODE, ENU_BK_EXPL) VALUES ('DEAL_TYPE', 2, 'AUTH', '授权');
INSERT INTO dc_dict_enu (DOMAIN_NAME, ENU_VALUE, ENU_CODE, ENU_BK_EXPL) VALUES ('DEAL_TYPE', 3, 'EXE', '执行');
INSERT INTO dc_dict_enu (DOMAIN_NAME, ENU_VALUE, ENU_CODE, ENU_BK_EXPL) VALUES ('DEPT_TYPE', 1, 'TECH', '科技');
INSERT INTO dc_dict_enu (DOMAIN_NAME, ENU_VALUE, ENU_CODE, ENU_BK_EXPL) VALUES ('DEPT_TYPE', 2, 'EBANK', '电子银行');
INSERT INTO dc_dict_enu (DOMAIN_NAME, ENU_VALUE, ENU_CODE, ENU_BK_EXPL) VALUES ('DEPT_TYPE', 3, 'CLEARING', '清算中心');
INSERT INTO dc_dict_enu (DOMAIN_NAME, ENU_VALUE, ENU_CODE, ENU_BK_EXPL) VALUES ('DEPT_TYPE', 4, 'FINANCE', '财务');
INSERT INTO dc_dict_enu (DOMAIN_NAME, ENU_VALUE, ENU_CODE, ENU_BK_EXPL) VALUES ('DEPT_TYPE', 5, 'CREDIT', '信贷');
INSERT INTO dc_dict_enu (DOMAIN_NAME, ENU_VALUE, ENU_CODE, ENU_BK_EXPL) VALUES ('DEPT_TYPE', 6, 'BUSINESS', '营业');
INSERT INTO dc_dict_enu (DOMAIN_NAME, ENU_VALUE, ENU_CODE, ENU_BK_EXPL) VALUES ('DEPT_TYPE', 7, 'BRANCH', '法人行社');
INSERT INTO dc_dict_enu (DOMAIN_NAME, ENU_VALUE, ENU_CODE, ENU_BK_EXPL) VALUES ('DSP_TYPE', 1, 'TEXTBOX', '文本框');
INSERT INTO dc_dict_enu (DOMAIN_NAME, ENU_VALUE, ENU_CODE, ENU_BK_EXPL) VALUES ('DSP_TYPE', 2, 'SELECTBOX', '选择框');
INSERT INTO dc_dict_enu (DOMAIN_NAME, ENU_VALUE, ENU_CODE, ENU_BK_EXPL) VALUES ('FUN_TYPE', 1, 'WORKBROWSE', '任务审阅');
INSERT INTO dc_dict_enu (DOMAIN_NAME, ENU_VALUE, ENU_CODE, ENU_BK_EXPL) VALUES ('FUN_TYPE', 2, 'BUSIMAINT', '业务维护');
INSERT INTO dc_dict_enu (DOMAIN_NAME, ENU_VALUE, ENU_CODE, ENU_BK_EXPL) VALUES ('FUN_TYPE', 3, 'SYSMAINT', '系统维护');
INSERT INTO dc_dict_enu (DOMAIN_NAME, ENU_VALUE, ENU_CODE, ENU_BK_EXPL) VALUES ('FUN_TYPE', 4, 'OPTMAINT', '运维维护');
INSERT INTO dc_dict_enu (DOMAIN_NAME, ENU_VALUE, ENU_CODE, ENU_BK_EXPL) VALUES ('FUN_TYPE', 5, 'PROBMAINT', '故障维护');
INSERT INTO dc_dict_enu (DOMAIN_NAME, ENU_VALUE, ENU_CODE, ENU_BK_EXPL) VALUES ('FUN_TYPE', 6, 'SYSMG', '系统管理');
INSERT INTO dc_dict_enu (DOMAIN_NAME, ENU_VALUE, ENU_CODE, ENU_BK_EXPL) VALUES ('FUN_TYPE', 7, 'RELSMAINT', '投产维护');
INSERT INTO dc_dict_enu (DOMAIN_NAME, ENU_VALUE, ENU_CODE, ENU_BK_EXPL) VALUES ('FUN_TYPE', 8, 'RPTMG', '报表管理');
INSERT INTO dc_dict_enu (DOMAIN_NAME, ENU_VALUE, ENU_CODE, ENU_BK_EXPL) VALUES ('FUN_TYPE', 9, 'OTHER', '其他');
INSERT INTO dc_dict_enu (DOMAIN_NAME, ENU_VALUE, ENU_CODE, ENU_BK_EXPL) VALUES ('IS_PUBLISH', 1, 'YES', '是');
INSERT INTO dc_dict_enu (DOMAIN_NAME, ENU_VALUE, ENU_CODE, ENU_BK_EXPL) VALUES ('IS_PUBLISH', 2, 'NO', '否');
INSERT INTO dc_dict_enu (DOMAIN_NAME, ENU_VALUE, ENU_CODE, ENU_BK_EXPL) VALUES ('MSG_TYPE', 1, 'NOTICE', '通知');
INSERT INTO dc_dict_enu (DOMAIN_NAME, ENU_VALUE, ENU_CODE, ENU_BK_EXPL) VALUES ('MSG_TYPE', 2, 'NOTICE', '邮件');
INSERT INTO dc_dict_enu (DOMAIN_NAME, ENU_VALUE, ENU_CODE, ENU_BK_EXPL) VALUES ('NOT_NULL', 1, 'YES', '是');
INSERT INTO dc_dict_enu (DOMAIN_NAME, ENU_VALUE, ENU_CODE, ENU_BK_EXPL) VALUES ('NOT_NULL', 2, 'NO', '否');
INSERT INTO dc_dict_enu (DOMAIN_NAME, ENU_VALUE, ENU_CODE, ENU_BK_EXPL) VALUES ('OPT_TYPE', 1, 'QUERY', '查询');
INSERT INTO dc_dict_enu (DOMAIN_NAME, ENU_VALUE, ENU_CODE, ENU_BK_EXPL) VALUES ('OPT_TYPE', 2, 'MODIFY', '修改');
INSERT INTO dc_dict_enu (DOMAIN_NAME, ENU_VALUE, ENU_CODE, ENU_BK_EXPL) VALUES ('PRIV_FLAG', 1, 'YES', '是');
INSERT INTO dc_dict_enu (DOMAIN_NAME, ENU_VALUE, ENU_CODE, ENU_BK_EXPL) VALUES ('PRIV_FLAG', 2, 'NO', '否');
INSERT INTO dc_dict_enu (DOMAIN_NAME, ENU_VALUE, ENU_CODE, ENU_BK_EXPL) VALUES ('PRIV_TYPE', 1, 'PERPETUAL', '永久');
INSERT INTO dc_dict_enu (DOMAIN_NAME, ENU_VALUE, ENU_CODE, ENU_BK_EXPL) VALUES ('PRIV_TYPE', 2, 'TEMPORARY', '临时');
INSERT INTO dc_dict_enu (DOMAIN_NAME, ENU_VALUE, ENU_CODE, ENU_BK_EXPL) VALUES ('PROC_STATE', 1, 'RUNNING', '开始执行');
INSERT INTO dc_dict_enu (DOMAIN_NAME, ENU_VALUE, ENU_CODE, ENU_BK_EXPL) VALUES ('PROC_STATE', 2, 'RUNSUCCESS', '执行成功');
INSERT INTO dc_dict_enu (DOMAIN_NAME, ENU_VALUE, ENU_CODE, ENU_BK_EXPL) VALUES ('PROC_STATE', 3, 'RUNFAIL', '执行失败　');
INSERT INTO dc_dict_enu (DOMAIN_NAME, ENU_VALUE, ENU_CODE, ENU_BK_EXPL) VALUES ('PROC_STATE', 4, 'ERROR', '运行异常');
INSERT INTO dc_dict_enu (DOMAIN_NAME, ENU_VALUE, ENU_CODE, ENU_BK_EXPL) VALUES ('PROC_STATE', 5, 'OTHER', '其他');
INSERT INTO dc_dict_enu (DOMAIN_NAME, ENU_VALUE, ENU_CODE, ENU_BK_EXPL) VALUES ('PROTOCOL_TYPE', 1, 'JDBC', 'JDBC');
INSERT INTO dc_dict_enu (DOMAIN_NAME, ENU_VALUE, ENU_CODE, ENU_BK_EXPL) VALUES ('PROTOCOL_TYPE', 2, 'PLT_FTP', 'PLT_FTP');
INSERT INTO dc_dict_enu (DOMAIN_NAME, ENU_VALUE, ENU_CODE, ENU_BK_EXPL) VALUES ('PROTOCOL_TYPE', 3, 'AS400_FTP', 'AS400_FTP');
INSERT INTO dc_dict_enu (DOMAIN_NAME, ENU_VALUE, ENU_CODE, ENU_BK_EXPL) VALUES ('PROTOCOL_TYPE', 4, 'SCP_FTP', 'SCP_FTP');
INSERT INTO dc_dict_enu (DOMAIN_NAME, ENU_VALUE, ENU_CODE, ENU_BK_EXPL) VALUES ('PROTOCOL_TYPE', 5, 'SSH', 'SSH');
INSERT INTO dc_dict_enu (DOMAIN_NAME, ENU_VALUE, ENU_CODE, ENU_BK_EXPL) VALUES ('PROTOCOL_TYPE', 6, 'AS400_PGM', 'AS400_PGM');
INSERT INTO dc_dict_enu (DOMAIN_NAME, ENU_VALUE, ENU_CODE, ENU_BK_EXPL) VALUES ('PROTOCOL_TYPE', 7, 'AS400_CL', 'AS400_CL');
INSERT INTO dc_dict_enu (DOMAIN_NAME, ENU_VALUE, ENU_CODE, ENU_BK_EXPL) VALUES ('PROTOCOL_TYPE', 8, 'ESB', 'ESB');
INSERT INTO dc_dict_enu (DOMAIN_NAME, ENU_VALUE, ENU_CODE, ENU_BK_EXPL) VALUES ('PROTOCOL_TYPE', 9, 'SFTP', 'SFTP');
INSERT INTO dc_dict_enu (DOMAIN_NAME, ENU_VALUE, ENU_CODE, ENU_BK_EXPL) VALUES ('QUERY_TYPE', 1, 'SUBMITWORK', '提交');
INSERT INTO dc_dict_enu (DOMAIN_NAME, ENU_VALUE, ENU_CODE, ENU_BK_EXPL) VALUES ('QUERY_TYPE', 2, 'CHECKWORK', '复核');
INSERT INTO dc_dict_enu (DOMAIN_NAME, ENU_VALUE, ENU_CODE, ENU_BK_EXPL) VALUES ('QUERY_TYPE', 3, 'AUTHWORK', '授权');
INSERT INTO dc_dict_enu (DOMAIN_NAME, ENU_VALUE, ENU_CODE, ENU_BK_EXPL) VALUES ('QUERY_TYPE', 4, 'EXCWORK', '执行');
INSERT INTO dc_dict_enu (DOMAIN_NAME, ENU_VALUE, ENU_CODE, ENU_BK_EXPL) VALUES ('QUERY_TYPE', 5, 'CLOSEWORK', '关闭');
INSERT INTO dc_dict_enu (DOMAIN_NAME, ENU_VALUE, ENU_CODE, ENU_BK_EXPL) VALUES ('QUERY_WKTYPE', 1, 'PENDWORK', '待处理任务');
INSERT INTO dc_dict_enu (DOMAIN_NAME, ENU_VALUE, ENU_CODE, ENU_BK_EXPL) VALUES ('QUERY_WKTYPE', 2, 'OVERWORKK', '已处理任务');
INSERT INTO dc_dict_enu (DOMAIN_NAME, ENU_VALUE, ENU_CODE, ENU_BK_EXPL) VALUES ('QUERY_WKTYPE', 3, 'ALL', '所有任务');
INSERT INTO dc_dict_enu (DOMAIN_NAME, ENU_VALUE, ENU_CODE, ENU_BK_EXPL) VALUES ('RCD_STATE', 1, 'NORMAL', '正常');
INSERT INTO dc_dict_enu (DOMAIN_NAME, ENU_VALUE, ENU_CODE, ENU_BK_EXPL) VALUES ('RCD_STATE', 2, 'ABNORMAL', '删除');
INSERT INTO dc_dict_enu (DOMAIN_NAME, ENU_VALUE, ENU_CODE, ENU_BK_EXPL) VALUES ('RC_FLAG', 1, 'YES', '接收');
INSERT INTO dc_dict_enu (DOMAIN_NAME, ENU_VALUE, ENU_CODE, ENU_BK_EXPL) VALUES ('RC_FLAG', 2, 'NO', '未接收');
INSERT INTO dc_dict_enu (DOMAIN_NAME, ENU_VALUE, ENU_CODE, ENU_BK_EXPL) VALUES ('ROLE_TYPE', 1, 'SYSDBA', '超级管理员');
INSERT INTO dc_dict_enu (DOMAIN_NAME, ENU_VALUE, ENU_CODE, ENU_BK_EXPL) VALUES ('ROLE_TYPE', 2, 'SYSADMIN', '系统管理员');
INSERT INTO dc_dict_enu (DOMAIN_NAME, ENU_VALUE, ENU_CODE, ENU_BK_EXPL) VALUES ('ROLE_TYPE', 3, 'CREW', '组员');
INSERT INTO dc_dict_enu (DOMAIN_NAME, ENU_VALUE, ENU_CODE, ENU_BK_EXPL) VALUES ('ROLE_TYPE', 4, 'HEAD', '组长');
INSERT INTO dc_dict_enu (DOMAIN_NAME, ENU_VALUE, ENU_CODE, ENU_BK_EXPL) VALUES ('ROLE_TYPE', 5, 'ASSMANAGER', '副经理');
INSERT INTO dc_dict_enu (DOMAIN_NAME, ENU_VALUE, ENU_CODE, ENU_BK_EXPL) VALUES ('ROLE_TYPE', 6, 'MANAGER', '经理');
INSERT INTO dc_dict_enu (DOMAIN_NAME, ENU_VALUE, ENU_CODE, ENU_BK_EXPL) VALUES ('ROLE_TYPE', 7, 'VICEMANAGER', '副总经理');
INSERT INTO dc_dict_enu (DOMAIN_NAME, ENU_VALUE, ENU_CODE, ENU_BK_EXPL) VALUES ('ROLE_TYPE', 8, 'GENMANAGER', '总经理');
INSERT INTO dc_dict_enu (DOMAIN_NAME, ENU_VALUE, ENU_CODE, ENU_BK_EXPL) VALUES ('SALLOW_FLAG', 1, 'ALWLOCAL', '本地执行');
INSERT INTO dc_dict_enu (DOMAIN_NAME, ENU_VALUE, ENU_CODE, ENU_BK_EXPL) VALUES ('SALLOW_FLAG', 2, 'ALWREMOTE', '远程执行');
INSERT INTO dc_dict_enu (DOMAIN_NAME, ENU_VALUE, ENU_CODE, ENU_BK_EXPL) VALUES ('SALLOW_FLAG', 3, 'ALL', '不控制');
INSERT INTO dc_dict_enu (DOMAIN_NAME, ENU_VALUE, ENU_CODE, ENU_BK_EXPL) VALUES ('SEQ_TYPE', 1, 'PERMANENT', '永久序号');
INSERT INTO dc_dict_enu (DOMAIN_NAME, ENU_VALUE, ENU_CODE, ENU_BK_EXPL) VALUES ('SEQ_TYPE', 2, 'DAILY', '日序号');
INSERT INTO dc_dict_enu (DOMAIN_NAME, ENU_VALUE, ENU_CODE, ENU_BK_EXPL) VALUES ('SOC_FLAG', 1, 'YES', '是');
INSERT INTO dc_dict_enu (DOMAIN_NAME, ENU_VALUE, ENU_CODE, ENU_BK_EXPL) VALUES ('SOC_FLAG', 2, 'NO', '否');
INSERT INTO dc_dict_enu (DOMAIN_NAME, ENU_VALUE, ENU_CODE, ENU_BK_EXPL) VALUES ('SQL_TYPE', 1, 'SELECT', 'select');
INSERT INTO dc_dict_enu (DOMAIN_NAME, ENU_VALUE, ENU_CODE, ENU_BK_EXPL) VALUES ('SQL_TYPE', 2, 'UPDATE', 'update');
INSERT INTO dc_dict_enu (DOMAIN_NAME, ENU_VALUE, ENU_CODE, ENU_BK_EXPL) VALUES ('SQL_TYPE', 3, 'INSERT', 'insert');
INSERT INTO dc_dict_enu (DOMAIN_NAME, ENU_VALUE, ENU_CODE, ENU_BK_EXPL) VALUES ('SQL_TYPE', 4, 'DELETE', 'delete');
INSERT INTO dc_dict_enu (DOMAIN_NAME, ENU_VALUE, ENU_CODE, ENU_BK_EXPL) VALUES ('SUBMIT_TYPE', 1, 'APPLY', '申请');
INSERT INTO dc_dict_enu (DOMAIN_NAME, ENU_VALUE, ENU_CODE, ENU_BK_EXPL) VALUES ('SUBMIT_TYPE', 2, 'EXECUTE', '执行');
INSERT INTO dc_dict_enu (DOMAIN_NAME, ENU_VALUE, ENU_CODE, ENU_BK_EXPL) VALUES ('SYNC_TYPE', 1, 'SYNC', '同步');
INSERT INTO dc_dict_enu (DOMAIN_NAME, ENU_VALUE, ENU_CODE, ENU_BK_EXPL) VALUES ('SYNC_TYPE', 2, 'TASYN', '线程异步');
INSERT INTO dc_dict_enu (DOMAIN_NAME, ENU_VALUE, ENU_CODE, ENU_BK_EXPL) VALUES ('SYNC_TYPE', 3, 'PASYN', '进程异步');
INSERT INTO dc_dict_enu (DOMAIN_NAME, ENU_VALUE, ENU_CODE, ENU_BK_EXPL) VALUES ('TERM_TYPE', 1, 'LOCAL', '本地终端');
INSERT INTO dc_dict_enu (DOMAIN_NAME, ENU_VALUE, ENU_CODE, ENU_BK_EXPL) VALUES ('TERM_TYPE', 2, 'REMOTE', '远程终端');
INSERT INTO dc_dict_enu (DOMAIN_NAME, ENU_VALUE, ENU_CODE, ENU_BK_EXPL) VALUES ('TITLE_ABLE', 1, 'YES', '是');
INSERT INTO dc_dict_enu (DOMAIN_NAME, ENU_VALUE, ENU_CODE, ENU_BK_EXPL) VALUES ('TITLE_ABLE', 2, 'NO', '否');
INSERT INTO dc_dict_enu (DOMAIN_NAME, ENU_VALUE, ENU_CODE, ENU_BK_EXPL) VALUES ('USER_TYPE', 1, 'INNER', '行内');
INSERT INTO dc_dict_enu (DOMAIN_NAME, ENU_VALUE, ENU_CODE, ENU_BK_EXPL) VALUES ('USER_TYPE', 2, 'OUTER', '行外');
INSERT INTO dc_dict_enu (DOMAIN_NAME, ENU_VALUE, ENU_CODE, ENU_BK_EXPL) VALUES ('WORKFLOW_STATE', 1, 'RECHECK', '提交待复核');
INSERT INTO dc_dict_enu (DOMAIN_NAME, ENU_VALUE, ENU_CODE, ENU_BK_EXPL) VALUES ('WORKFLOW_STATE', 2, 'CHECK_REFUSE', '复核拒绝');
INSERT INTO dc_dict_enu (DOMAIN_NAME, ENU_VALUE, ENU_CODE, ENU_BK_EXPL) VALUES ('WORKFLOW_STATE', 3, 'APPROVAL', '复核待审批');
INSERT INTO dc_dict_enu (DOMAIN_NAME, ENU_VALUE, ENU_CODE, ENU_BK_EXPL) VALUES ('WORKFLOW_STATE', 4, 'APP_REFUSE', '审批拒绝');
INSERT INTO dc_dict_enu (DOMAIN_NAME, ENU_VALUE, ENU_CODE, ENU_BK_EXPL) VALUES ('WORKFLOW_STATE', 5, 'EXECUTORY', '审批待执行');


INSERT INTO dp_dept (DEPT_ID, DEPT_CN_NAME, DEPT_FULL_CNAME, DEPT_TYPE, DEPT_LEVEL, BRANCH_NO, SUPER_DEPT_ID, BACKUP_FLD, CRT_BK_DATE, CRT_BK_TIME, CRT_USER_ID, MODIFY_BK_DATE, MODIFY_BK_TIME, MODIFY_USER_ID, DEL_BK_DATE, DEL_BK_TIME, DEL_USER_ID, RCD_STATE) VALUES ('110001', '科技部', '安徽农金科技部', 1, 1, '', '', null, to_date('2015-04-27','yyyy-mm-dd'), to_date('17:00:38','hh24:mi:ss'), 'admin', null, null, '', null, null, '', 1);
INSERT INTO dp_dept (DEPT_ID, DEPT_CN_NAME, DEPT_FULL_CNAME, DEPT_TYPE, DEPT_LEVEL, BRANCH_NO, SUPER_DEPT_ID, BACKUP_FLD, CRT_BK_DATE, CRT_BK_TIME, CRT_USER_ID, MODIFY_BK_DATE, MODIFY_BK_TIME, MODIFY_USER_ID, DEL_BK_DATE, DEL_BK_TIME, DEL_USER_ID, RCD_STATE) VALUES ('120007', '运行支持部', '运行支持部', 1, 2, '3400008851', '110001', null, to_date('2015-04-27','yyyy-mm-dd'), to_date('17:00:38','hh24:mi:ss'), 'admin', null, null, '', null, null, null, 1);
INSERT INTO dp_dept (DEPT_ID, DEPT_CN_NAME, DEPT_FULL_CNAME, DEPT_TYPE, DEPT_LEVEL, BRANCH_NO, SUPER_DEPT_ID, BACKUP_FLD, CRT_BK_DATE, CRT_BK_TIME, CRT_USER_ID, MODIFY_BK_DATE, MODIFY_BK_TIME, MODIFY_USER_ID, DEL_BK_DATE, DEL_BK_TIME, DEL_USER_ID, RCD_STATE) VALUES ('120008', '应用管理部', '应用管理部', 1, 2, '3400008851', '110001', null, to_date('2015-04-27','yyyy-mm-dd'), to_date('17:01:23','hh24:mi:ss'), 'admin', null, null, null, null, null, null, 1);

INSERT INTO rs_opt (OPT_CODE, BL_RS_CODE, OPT_BK_SEQ, OPT_NAME, OPT_BK_EXPL, DIS_EXPRESS, CRT_USER_ID, CRT_BK_DATE, CRT_BK_TIME, BACKUP_FLD, RCD_STATE) VALUES ('030101000001', '030101', 0, 'DETAIL', '部门查看', 'a.dept_name_link|4|#dept_setting_table|6', 'admin', to_date('2000-01-01' , 'yyyy-mm-dd'), to_date('00:00:00' , 'hh24:mi:ss'), '', 1);
INSERT INTO rs_opt (OPT_CODE, BL_RS_CODE, OPT_BK_SEQ, OPT_NAME, OPT_BK_EXPL, DIS_EXPRESS, CRT_USER_ID, CRT_BK_DATE, CRT_BK_TIME, BACKUP_FLD, RCD_STATE) VALUES ('030101000002', '030101', 0, 'ADD', '部门新增', 'div.add_info_img|2', 'admin', to_date('2000-01-01' , 'yyyy-mm-dd'), to_date('00:00:00' , 'hh24:mi:ss'), '', 1);
INSERT INTO rs_opt (OPT_CODE, BL_RS_CODE, OPT_BK_SEQ, OPT_NAME, OPT_BK_EXPL, DIS_EXPRESS, CRT_USER_ID, CRT_BK_DATE, CRT_BK_TIME, BACKUP_FLD, RCD_STATE) VALUES ('030101000003', '030101', 0, 'MODIFY', '部门修改', '#detail_edit|7', 'admin', to_date('2000-01-01' , 'yyyy-mm-dd'), to_date('00:00:00' , 'hh24:mi:ss'), '', 1);
INSERT INTO rs_opt (OPT_CODE, BL_RS_CODE, OPT_BK_SEQ, OPT_NAME, OPT_BK_EXPL, DIS_EXPRESS, CRT_USER_ID, CRT_BK_DATE, CRT_BK_TIME, BACKUP_FLD, RCD_STATE) VALUES ('030101000004', '030101', 0, 'DELETE', '部门删除', 'div.del_info_img|2|span.vftb-delete-head|2', 'admin', to_date('2000-01-01' , 'yyyy-mm-dd'), to_date('00:00:00' , 'hh24:mi:ss'), '', 1);
INSERT INTO rs_opt (OPT_CODE, BL_RS_CODE, OPT_BK_SEQ, OPT_NAME, OPT_BK_EXPL, DIS_EXPRESS, CRT_USER_ID, CRT_BK_DATE, CRT_BK_TIME, BACKUP_FLD, RCD_STATE) VALUES ('030102000001', '030102', 0, 'QUERY', '部门角色查询', 'div.condition-div|2', 'admin', to_date('2000-01-01' , 'yyyy-mm-dd'), to_date('00:00:00' , 'hh24:mi:ss'), '', 1);
INSERT INTO rs_opt (OPT_CODE, BL_RS_CODE, OPT_BK_SEQ, OPT_NAME, OPT_BK_EXPL, DIS_EXPRESS, CRT_USER_ID, CRT_BK_DATE, CRT_BK_TIME, BACKUP_FLD, RCD_STATE) VALUES ('030102000002', '030102', 0, 'DETAIL', '部门角色查看', 'a[name=dprl_code]|4|#dprl_list|6', 'admin', to_date('2000-01-01' , 'yyyy-mm-dd'), to_date('00:00:00' , 'hh24:mi:ss'), '', 1);
INSERT INTO rs_opt (OPT_CODE, BL_RS_CODE, OPT_BK_SEQ, OPT_NAME, OPT_BK_EXPL, DIS_EXPRESS, CRT_USER_ID, CRT_BK_DATE, CRT_BK_TIME, BACKUP_FLD, RCD_STATE) VALUES ('030102000003', '030102', 0, 'ADD', '部门角色新增', '#add_dprl|2', 'admin', to_date('2000-01-01' , 'yyyy-mm-dd'), to_date('00:00:00' , 'hh24:mi:ss'), '', 1);
INSERT INTO rs_opt (OPT_CODE, BL_RS_CODE, OPT_BK_SEQ, OPT_NAME, OPT_BK_EXPL, DIS_EXPRESS, CRT_USER_ID, CRT_BK_DATE, CRT_BK_TIME, BACKUP_FLD, RCD_STATE) VALUES ('030102000004', '030102', 0, 'MODIFY', '部门角色修改', '#detail_edit|7', 'admin', to_date('2000-01-01' , 'yyyy-mm-dd'), to_date('00:00:00' , 'hh24:mi:ss'), '', 1);
INSERT INTO rs_opt (OPT_CODE, BL_RS_CODE, OPT_BK_SEQ, OPT_NAME, OPT_BK_EXPL, DIS_EXPRESS, CRT_USER_ID, CRT_BK_DATE, CRT_BK_TIME, BACKUP_FLD, RCD_STATE) VALUES ('030102000005', '030102', 0, 'DELETE', '部门角色删除', 'a[name=delete]|2|span.vftb-delete-head|2', 'admin', to_date('2000-01-01' , 'yyyy-mm-dd'), to_date('00:00:00' , 'hh24:mi:ss'), '', 1);
INSERT INTO rs_opt (OPT_CODE, BL_RS_CODE, OPT_BK_SEQ, OPT_NAME, OPT_BK_EXPL, DIS_EXPRESS, CRT_USER_ID, CRT_BK_DATE, CRT_BK_TIME, BACKUP_FLD, RCD_STATE) VALUES ('030103000001', '030103', 0, 'QUERY', '用户查询', 'div.condition-div|2', 'admin', to_date('2000-01-01' , 'yyyy-mm-dd'), to_date('00:00:00' , 'hh24:mi:ss'), '', 1);
INSERT INTO rs_opt (OPT_CODE, BL_RS_CODE, OPT_BK_SEQ, OPT_NAME, OPT_BK_EXPL, DIS_EXPRESS, CRT_USER_ID, CRT_BK_DATE, CRT_BK_TIME, BACKUP_FLD, RCD_STATE) VALUES ('030103000002', '030103', 0, 'DETAIL', '用户查看', 'a[name=user_id]|4|#user_list|6', 'admin', to_date('2000-01-01' , 'yyyy-mm-dd'), to_date('00:00:00' , 'hh24:mi:ss'), '', 1);
INSERT INTO rs_opt (OPT_CODE, BL_RS_CODE, OPT_BK_SEQ, OPT_NAME, OPT_BK_EXPL, DIS_EXPRESS, CRT_USER_ID, CRT_BK_DATE, CRT_BK_TIME, BACKUP_FLD, RCD_STATE) VALUES ('030103000003', '030103', 0, 'ADD', '用户新增', '#add_user|2', 'admin', to_date('2000-01-01' , 'yyyy-mm-dd'), to_date('00:00:00' , 'hh24:mi:ss'), '', 1);
INSERT INTO rs_opt (OPT_CODE, BL_RS_CODE, OPT_BK_SEQ, OPT_NAME, OPT_BK_EXPL, DIS_EXPRESS, CRT_USER_ID, CRT_BK_DATE, CRT_BK_TIME, BACKUP_FLD, RCD_STATE) VALUES ('030103000004', '030103', 0, 'MODIFY', '用户修改', '#detail_edit|7', 'admin', to_date('2000-01-01' , 'yyyy-mm-dd'), to_date('00:00:00' , 'hh24:mi:ss'), '', 1);
INSERT INTO rs_opt (OPT_CODE, BL_RS_CODE, OPT_BK_SEQ, OPT_NAME, OPT_BK_EXPL, DIS_EXPRESS, CRT_USER_ID, CRT_BK_DATE, CRT_BK_TIME, BACKUP_FLD, RCD_STATE) VALUES ('030103000005', '030103', 0, 'DELETE', '用户删除', 'a[name=delete]|2|span.vftb-delete-head|2', 'admin', to_date('2000-01-01' , 'yyyy-mm-dd'), to_date('00:00:00' , 'hh24:mi:ss'), '', 1);
INSERT INTO rs_opt (OPT_CODE, BL_RS_CODE, OPT_BK_SEQ, OPT_NAME, OPT_BK_EXPL, DIS_EXPRESS, CRT_USER_ID, CRT_BK_DATE, CRT_BK_TIME, BACKUP_FLD, RCD_STATE) VALUES ('030103000006', '030103', 0, 'PRIV', '用户权限配置', 'a[name=priv_edit]|2|span.vftb-priv-head|2', 'admin', to_date('2000-01-01' , 'yyyy-mm-dd'), to_date('00:00:00' , 'hh24:mi:ss'), '', 1);
INSERT INTO rs_opt (OPT_CODE, BL_RS_CODE, OPT_BK_SEQ, OPT_NAME, OPT_BK_EXPL, DIS_EXPRESS, CRT_USER_ID, CRT_BK_DATE, CRT_BK_TIME, BACKUP_FLD, RCD_STATE) VALUES ('030104000001', '030104', 0, 'DETAIL', '资源查看', 'a.rs_cn_name_link|4|#rs_setting_table|6', 'admin', to_date('2000-01-01' , 'yyyy-mm-dd'), to_date('00:00:00' , 'hh24:mi:ss'), '', 1);
INSERT INTO rs_opt (OPT_CODE, BL_RS_CODE, OPT_BK_SEQ, OPT_NAME, OPT_BK_EXPL, DIS_EXPRESS, CRT_USER_ID, CRT_BK_DATE, CRT_BK_TIME, BACKUP_FLD, RCD_STATE) VALUES ('030104000002', '030104', 0, 'OPT', '资源操作查看', 'div.opt_info_img|2|span.vftb-opt-head|2', 'admin', to_date('2000-01-01' , 'yyyy-mm-dd'), to_date('00:00:00' , 'hh24:mi:ss'), '', 1);
INSERT INTO rs_opt (OPT_CODE, BL_RS_CODE, OPT_BK_SEQ, OPT_NAME, OPT_BK_EXPL, DIS_EXPRESS, CRT_USER_ID, CRT_BK_DATE, CRT_BK_TIME, BACKUP_FLD, RCD_STATE) VALUES ('030105000001', '030105', 0, 'QUERY', '数据源查询', 'div.condition-div|2', 'admin', to_date('2000-01-01' , 'yyyy-mm-dd'), to_date('00:00:00' , 'hh24:mi:ss'), '', 1);
INSERT INTO rs_opt (OPT_CODE, BL_RS_CODE, OPT_BK_SEQ, OPT_NAME, OPT_BK_EXPL, DIS_EXPRESS, CRT_USER_ID, CRT_BK_DATE, CRT_BK_TIME, BACKUP_FLD, RCD_STATE) VALUES ('030105000002', '030105', 0, 'DETAIL', '数据源查看', 'a[name=soc_name]|4|#soc_list|6', 'admin', to_date('2000-01-01' , 'yyyy-mm-dd'), to_date('00:00:00' , 'hh24:mi:ss'), '', 1);
INSERT INTO rs_opt (OPT_CODE, BL_RS_CODE, OPT_BK_SEQ, OPT_NAME, OPT_BK_EXPL, DIS_EXPRESS, CRT_USER_ID, CRT_BK_DATE, CRT_BK_TIME, BACKUP_FLD, RCD_STATE) VALUES ('030105000003', '030105', 0, 'ADD', '数据源新增', '#add_soc|2', 'admin', to_date('2000-01-01' , 'yyyy-mm-dd'), to_date('00:00:00' , 'hh24:mi:ss'), '', 1);
INSERT INTO rs_opt (OPT_CODE, BL_RS_CODE, OPT_BK_SEQ, OPT_NAME, OPT_BK_EXPL, DIS_EXPRESS, CRT_USER_ID, CRT_BK_DATE, CRT_BK_TIME, BACKUP_FLD, RCD_STATE) VALUES ('030105000004', '030105', 0, 'MODIFY', '数据源修改', '#detail_edit|7', 'admin', to_date('2000-01-01' , 'yyyy-mm-dd'), to_date('00:00:00' , 'hh24:mi:ss'), '', 1);
INSERT INTO rs_opt (OPT_CODE, BL_RS_CODE, OPT_BK_SEQ, OPT_NAME, OPT_BK_EXPL, DIS_EXPRESS, CRT_USER_ID, CRT_BK_DATE, CRT_BK_TIME, BACKUP_FLD, RCD_STATE) VALUES ('030105000005', '030105', 0, 'DELETE', '数据源删除', 'a[name=delete]|2|span.vftb-delete-head|2', 'admin', to_date('2000-01-01' , 'yyyy-mm-dd'), to_date('00:00:00' , 'hh24:mi:ss'), '', 1);
INSERT INTO rs_opt (OPT_CODE, BL_RS_CODE, OPT_BK_SEQ, OPT_NAME, OPT_BK_EXPL, DIS_EXPRESS, CRT_USER_ID, CRT_BK_DATE, CRT_BK_TIME, BACKUP_FLD, RCD_STATE) VALUES ('030106000001', '030106', 0, 'QUERY', '服务查询', 'div.condition-div|2', 'admin', to_date('2000-01-01' , 'yyyy-mm-dd'), to_date('00:00:00' , 'hh24:mi:ss'), '', 1);
INSERT INTO rs_opt (OPT_CODE, BL_RS_CODE, OPT_BK_SEQ, OPT_NAME, OPT_BK_EXPL, DIS_EXPRESS, CRT_USER_ID, CRT_BK_DATE, CRT_BK_TIME, BACKUP_FLD, RCD_STATE) VALUES ('030106000002', '030106', 0, 'DETAIL', '服务查看', 'a[name=srv_name]|4|#srv_list|6', 'admin', to_date('2000-01-01' , 'yyyy-mm-dd'), to_date('00:00:00' , 'hh24:mi:ss'), '', 1);
INSERT INTO rs_opt (OPT_CODE, BL_RS_CODE, OPT_BK_SEQ, OPT_NAME, OPT_BK_EXPL, DIS_EXPRESS, CRT_USER_ID, CRT_BK_DATE, CRT_BK_TIME, BACKUP_FLD, RCD_STATE) VALUES ('030106000003', '030106', 0, 'ADD', '服务新增', '#add_srv|2', 'admin', to_date('2000-01-01' , 'yyyy-mm-dd'), to_date('00:00:00' , 'hh24:mi:ss'), '', 1);
INSERT INTO rs_opt (OPT_CODE, BL_RS_CODE, OPT_BK_SEQ, OPT_NAME, OPT_BK_EXPL, DIS_EXPRESS, CRT_USER_ID, CRT_BK_DATE, CRT_BK_TIME, BACKUP_FLD, RCD_STATE) VALUES ('030106000004', '030106', 0, 'DELETE', '服务删除', 'a[name=delete]|2|span.vftb-delete-head|2', 'admin', to_date('2000-01-01' , 'yyyy-mm-dd'), to_date('00:00:00' , 'hh24:mi:ss'), '', 1);
INSERT INTO rs_opt (OPT_CODE, BL_RS_CODE, OPT_BK_SEQ, OPT_NAME, OPT_BK_EXPL, DIS_EXPRESS, CRT_USER_ID, CRT_BK_DATE, CRT_BK_TIME, BACKUP_FLD, RCD_STATE) VALUES ('030106000005', '030106', 0, 'PRIV', '服务审批配置', 'a[name=priv_edit]|2|span.vftb-priv-head|2', 'admin', to_date('2000-01-01' , 'yyyy-mm-dd'), to_date('00:00:00' , 'hh24:mi:ss'), '', 1);
INSERT INTO rs_opt (OPT_CODE, BL_RS_CODE, OPT_BK_SEQ, OPT_NAME, OPT_BK_EXPL, DIS_EXPRESS, CRT_USER_ID, CRT_BK_DATE, CRT_BK_TIME, BACKUP_FLD, RCD_STATE) VALUES ('030107000001', '030107', 0, 'QUERY', '数据字典查询', 'div.condition-div|2', 'admin', to_date('2000-01-01' , 'yyyy-mm-dd'), to_date('00:00:00' , 'hh24:mi:ss'), '', 1);
INSERT INTO rs_opt (OPT_CODE, BL_RS_CODE, OPT_BK_SEQ, OPT_NAME, OPT_BK_EXPL, DIS_EXPRESS, CRT_USER_ID, CRT_BK_DATE, CRT_BK_TIME, BACKUP_FLD, RCD_STATE) VALUES ('030107000002', '030107', 0, 'DETAIL', '数据字典查看', 'a[name=domain_name]|4|#dict_list|6', 'admin', to_date('2000-01-01' , 'yyyy-mm-dd'), to_date('00:00:00' , 'hh24:mi:ss'), '', 1);
INSERT INTO rs_opt (OPT_CODE, BL_RS_CODE, OPT_BK_SEQ, OPT_NAME, OPT_BK_EXPL, DIS_EXPRESS, CRT_USER_ID, CRT_BK_DATE, CRT_BK_TIME, BACKUP_FLD, RCD_STATE) VALUES ('030107000003', '030107', 0, 'ADD', '数据字典新增', '#add_dict|2', 'admin', to_date('2000-01-01' , 'yyyy-mm-dd'), to_date('00:00:00' , 'hh24:mi:ss'), '', 1);
INSERT INTO rs_opt (OPT_CODE, BL_RS_CODE, OPT_BK_SEQ, OPT_NAME, OPT_BK_EXPL, DIS_EXPRESS, CRT_USER_ID, CRT_BK_DATE, CRT_BK_TIME, BACKUP_FLD, RCD_STATE) VALUES ('030107000004', '030107', 0, 'MODIFY', '数据字典修改', '#detail_edit|7', 'admin', to_date('2000-01-01' , 'yyyy-mm-dd'), to_date('00:00:00' , 'hh24:mi:ss'), '', 1);
INSERT INTO rs_opt (OPT_CODE, BL_RS_CODE, OPT_BK_SEQ, OPT_NAME, OPT_BK_EXPL, DIS_EXPRESS, CRT_USER_ID, CRT_BK_DATE, CRT_BK_TIME, BACKUP_FLD, RCD_STATE) VALUES ('030107000005', '030107', 0, 'DELETE', '数据字典删除', 'a[name=delete]|2|span.vftb-delete-head|2', 'admin', to_date('2000-01-01' , 'yyyy-mm-dd'), to_date('00:00:00' , 'hh24:mi:ss'), '', 1);
INSERT INTO rs_opt (OPT_CODE, BL_RS_CODE, OPT_BK_SEQ, OPT_NAME, OPT_BK_EXPL, DIS_EXPRESS, CRT_USER_ID, CRT_BK_DATE, CRT_BK_TIME, BACKUP_FLD, RCD_STATE) VALUES ('030108000001', '030108', 0, 'QUERY', '终端查询', 'div.condition-div|2', 'admin', to_date('2000-01-01' , 'yyyy-mm-dd'), to_date('00:00:00' , 'hh24:mi:ss'), '', 1);
INSERT INTO rs_opt (OPT_CODE, BL_RS_CODE, OPT_BK_SEQ, OPT_NAME, OPT_BK_EXPL, DIS_EXPRESS, CRT_USER_ID, CRT_BK_DATE, CRT_BK_TIME, BACKUP_FLD, RCD_STATE) VALUES ('030108000002', '030108', 0, 'DETAIL', '终端查看', 'a[name=term_no]|4|#term_list|6', 'admin', to_date('2000-01-01' , 'yyyy-mm-dd'), to_date('00:00:00' , 'hh24:mi:ss'), '', 1);
INSERT INTO rs_opt (OPT_CODE, BL_RS_CODE, OPT_BK_SEQ, OPT_NAME, OPT_BK_EXPL, DIS_EXPRESS, CRT_USER_ID, CRT_BK_DATE, CRT_BK_TIME, BACKUP_FLD, RCD_STATE) VALUES ('030108000003', '030108', 0, 'ADD', '终端新增', '#add_term|2', 'admin', to_date('2000-01-01' , 'yyyy-mm-dd'), to_date('00:00:00' , 'hh24:mi:ss'), '', 1);
INSERT INTO rs_opt (OPT_CODE, BL_RS_CODE, OPT_BK_SEQ, OPT_NAME, OPT_BK_EXPL, DIS_EXPRESS, CRT_USER_ID, CRT_BK_DATE, CRT_BK_TIME, BACKUP_FLD, RCD_STATE) VALUES ('030108000004', '030108', 0, 'MODIFY', '终端修改', '#detail_edit|7', 'admin', to_date('2000-01-01' , 'yyyy-mm-dd'), to_date('00:00:00' , 'hh24:mi:ss'), '', 1);
INSERT INTO rs_opt (OPT_CODE, BL_RS_CODE, OPT_BK_SEQ, OPT_NAME, OPT_BK_EXPL, DIS_EXPRESS, CRT_USER_ID, CRT_BK_DATE, CRT_BK_TIME, BACKUP_FLD, RCD_STATE) VALUES ('030108000005', '030108', 0, 'DELETE', '终端删除', 'a[name=delete]|2|span.vftb-delete-head|2', 'admin', to_date('2000-01-01' , 'yyyy-mm-dd'), to_date('00:00:00' , 'hh24:mi:ss'), '', 1);


INSERT INTO RS_RES (RS_CODE, SUPER_RS_CODE, BL_RS_CODE, RS_FUN_TYPE, RS_CN_NAME, RS_BK_DESC, RS_URL, RSIM_URL, RS_LEVEL, GHEIGHT_BK_PIXEL, PWIDTH_BK_PIXEL, TITLE_ABLE, PUBLIC_YN_FLAG, OPEN_TYPE, SORT_KEY, RCD_STATE) VALUES ('00', null, null, 9, '基础资源', '基础资源', '', '', 3, null, null, 1, 1, 1, 1, 1);
INSERT INTO RS_RES (RS_CODE, SUPER_RS_CODE, BL_RS_CODE, RS_FUN_TYPE, RS_CN_NAME, RS_BK_DESC, RS_URL, RSIM_URL, RS_LEVEL, GHEIGHT_BK_PIXEL, PWIDTH_BK_PIXEL, TITLE_ABLE, PUBLIC_YN_FLAG, OPEN_TYPE, SORT_KEY, RCD_STATE) VALUES ('02', null, null, 9, 'CD-应用环境管理平台', '环境管理平台', 'app/index.html', 'cd_icon', -1, null, null, 1, 2, 1, 1, 1);
INSERT INTO RS_RES (RS_CODE, SUPER_RS_CODE, BL_RS_CODE, RS_FUN_TYPE, RS_CN_NAME, RS_BK_DESC, RS_URL, RSIM_URL, RS_LEVEL, GHEIGHT_BK_PIXEL, PWIDTH_BK_PIXEL, TITLE_ABLE, PUBLIC_YN_FLAG, OPEN_TYPE, SORT_KEY, RCD_STATE) VALUES ('020', '02', '02', 9, '应用环境管理', '应用环境管理', null, null, -2, null, null, 1, 1, 1, 1, 1);
INSERT INTO RS_RES (RS_CODE, SUPER_RS_CODE, BL_RS_CODE, RS_FUN_TYPE, RS_CN_NAME, RS_BK_DESC, RS_URL, RSIM_URL, RS_LEVEL, GHEIGHT_BK_PIXEL, PWIDTH_BK_PIXEL, TITLE_ABLE, PUBLIC_YN_FLAG, OPEN_TYPE, SORT_KEY, RCD_STATE) VALUES ('0201', '020', '02', 9, '主页', '主页', 'index', null, 1, null, null, 1, 2, 1, 1, 1);
INSERT INTO RS_RES (RS_CODE, SUPER_RS_CODE, BL_RS_CODE, RS_FUN_TYPE, RS_CN_NAME, RS_BK_DESC, RS_URL, RSIM_URL, RS_LEVEL, GHEIGHT_BK_PIXEL, PWIDTH_BK_PIXEL, TITLE_ABLE, PUBLIC_YN_FLAG, OPEN_TYPE, SORT_KEY, RCD_STATE) VALUES ('0202', '020', '02', 9, '服务器管理', '服务器管理', 'srv', '', 1, null, null, 1, 2, 1, 2, 1);
INSERT INTO RS_RES (RS_CODE, SUPER_RS_CODE, BL_RS_CODE, RS_FUN_TYPE, RS_CN_NAME, RS_BK_DESC, RS_URL, RSIM_URL, RS_LEVEL, GHEIGHT_BK_PIXEL, PWIDTH_BK_PIXEL, TITLE_ABLE, PUBLIC_YN_FLAG, OPEN_TYPE, SORT_KEY, RCD_STATE) VALUES ('020201', '0202', '02', 9, '新增服务器', '新增服务器', '/srv/new_srv', null, 2, null, null, 1, 2, 1, 1, 1);
INSERT INTO RS_RES (RS_CODE, SUPER_RS_CODE, BL_RS_CODE, RS_FUN_TYPE, RS_CN_NAME, RS_BK_DESC, RS_URL, RSIM_URL, RS_LEVEL, GHEIGHT_BK_PIXEL, PWIDTH_BK_PIXEL, TITLE_ABLE, PUBLIC_YN_FLAG, OPEN_TYPE, SORT_KEY, RCD_STATE) VALUES ('020202', '0202', '02', 9, '服务器列表', '服务器列表', '/srv/srv_list', null, 2, null, null, 1, 2, 1, 2, 1);
INSERT INTO RS_RES (RS_CODE, SUPER_RS_CODE, BL_RS_CODE, RS_FUN_TYPE, RS_CN_NAME, RS_BK_DESC, RS_URL, RSIM_URL, RS_LEVEL, GHEIGHT_BK_PIXEL, PWIDTH_BK_PIXEL, TITLE_ABLE, PUBLIC_YN_FLAG, OPEN_TYPE, SORT_KEY, RCD_STATE) VALUES ('0203', '020', '02', 9, '应用系统管理', '应用系统管理', 'sys', '', 1, null, null, 1, 2, 1, 3, 1);
INSERT INTO RS_RES (RS_CODE, SUPER_RS_CODE, BL_RS_CODE, RS_FUN_TYPE, RS_CN_NAME, RS_BK_DESC, RS_URL, RSIM_URL, RS_LEVEL, GHEIGHT_BK_PIXEL, PWIDTH_BK_PIXEL, TITLE_ABLE, PUBLIC_YN_FLAG, OPEN_TYPE, SORT_KEY, RCD_STATE) VALUES ('020301', '0203', '02', 9, '新增应用系统', '新增应用系统', '/sys/new_sys', null, 2, '', '', 1, 2, 1, 1, 1);
INSERT INTO RS_RES (RS_CODE, SUPER_RS_CODE, BL_RS_CODE, RS_FUN_TYPE, RS_CN_NAME, RS_BK_DESC, RS_URL, RSIM_URL, RS_LEVEL, GHEIGHT_BK_PIXEL, PWIDTH_BK_PIXEL, TITLE_ABLE, PUBLIC_YN_FLAG, OPEN_TYPE, SORT_KEY, RCD_STATE) VALUES ('020302', '0203', '02', 9, '应用系统列表', '应用系统列表', '/sys/sys_list', null, 2, '', '', 1, 2, 1, 2, 1);
INSERT INTO RS_RES (RS_CODE, SUPER_RS_CODE, BL_RS_CODE, RS_FUN_TYPE, RS_CN_NAME, RS_BK_DESC, RS_URL, RSIM_URL, RS_LEVEL, GHEIGHT_BK_PIXEL, PWIDTH_BK_PIXEL, TITLE_ABLE, PUBLIC_YN_FLAG, OPEN_TYPE, SORT_KEY, RCD_STATE) VALUES ('0204', '020', '02', 9, '项目管理', '项目管理', 'proj', '', 1, null, null, 1, 2, 1, 4, 1);
INSERT INTO RS_RES (RS_CODE, SUPER_RS_CODE, BL_RS_CODE, RS_FUN_TYPE, RS_CN_NAME, RS_BK_DESC, RS_URL, RSIM_URL, RS_LEVEL, GHEIGHT_BK_PIXEL, PWIDTH_BK_PIXEL, TITLE_ABLE, PUBLIC_YN_FLAG, OPEN_TYPE, SORT_KEY, RCD_STATE) VALUES ('020401', '0204', '02', 9, '新建项目', '新建项目', '/prj/new_proj', null, 2, null, null, 1, 2, 1, 1, 1);
INSERT INTO RS_RES (RS_CODE, SUPER_RS_CODE, BL_RS_CODE, RS_FUN_TYPE, RS_CN_NAME, RS_BK_DESC, RS_URL, RSIM_URL, RS_LEVEL, GHEIGHT_BK_PIXEL, PWIDTH_BK_PIXEL, TITLE_ABLE, PUBLIC_YN_FLAG, OPEN_TYPE, SORT_KEY, RCD_STATE) VALUES ('020402', '0204', '02', 9, '项目列表', '项目列表', '/prj/proj_list', '', 2, '', '', 1, 2, 1, 2, 1);
INSERT INTO RS_RES (RS_CODE, SUPER_RS_CODE, BL_RS_CODE, RS_FUN_TYPE, RS_CN_NAME, RS_BK_DESC, RS_URL, RSIM_URL, RS_LEVEL, GHEIGHT_BK_PIXEL, PWIDTH_BK_PIXEL, TITLE_ABLE, PUBLIC_YN_FLAG, OPEN_TYPE, SORT_KEY, RCD_STATE) VALUES ('0205', '020', '02', 9, '应用环境管理', '应用环境管理', 'env', '', 1, null, null, 1, 2, 1, 5, 1);
INSERT INTO RS_RES (RS_CODE, SUPER_RS_CODE, BL_RS_CODE, RS_FUN_TYPE, RS_CN_NAME, RS_BK_DESC, RS_URL, RSIM_URL, RS_LEVEL, GHEIGHT_BK_PIXEL, PWIDTH_BK_PIXEL, TITLE_ABLE, PUBLIC_YN_FLAG, OPEN_TYPE, SORT_KEY, RCD_STATE) VALUES ('020501', '0205', '02', 9, '新增应用环境', '新增应用环境', '/env/new_env', null, 2, null, null, 1, 2, 1, 1, 1);
INSERT INTO RS_RES (RS_CODE, SUPER_RS_CODE, BL_RS_CODE, RS_FUN_TYPE, RS_CN_NAME, RS_BK_DESC, RS_URL, RSIM_URL, RS_LEVEL, GHEIGHT_BK_PIXEL, PWIDTH_BK_PIXEL, TITLE_ABLE, PUBLIC_YN_FLAG, OPEN_TYPE, SORT_KEY, RCD_STATE) VALUES ('020502', '0205', '02', 9, '应用环境列表', '应用环境列表', '/env/env_list', null, 2, null, null, 1, 2, 1, 2, 1);
INSERT INTO RS_RES (RS_CODE, SUPER_RS_CODE, BL_RS_CODE, RS_FUN_TYPE, RS_CN_NAME, RS_BK_DESC, RS_URL, RSIM_URL, RS_LEVEL, GHEIGHT_BK_PIXEL, PWIDTH_BK_PIXEL, TITLE_ABLE, PUBLIC_YN_FLAG, OPEN_TYPE, SORT_KEY, RCD_STATE) VALUES ('0206', '020', '02', 9, '流程管理', '流程管理', 'proc', '', 1, '', '', 1, 2, 1, 6, 1);
INSERT INTO RS_RES (RS_CODE, SUPER_RS_CODE, BL_RS_CODE, RS_FUN_TYPE, RS_CN_NAME, RS_BK_DESC, RS_URL, RSIM_URL, RS_LEVEL, GHEIGHT_BK_PIXEL, PWIDTH_BK_PIXEL, TITLE_ABLE, PUBLIC_YN_FLAG, OPEN_TYPE, SORT_KEY, RCD_STATE) VALUES ('020601', '0206', '02', 9, '新增组件', '新增组件', '/cmpt/new_cmpt', null, 2, null, null, 1, 2, 1, 1, 1);
INSERT INTO RS_RES (RS_CODE, SUPER_RS_CODE, BL_RS_CODE, RS_FUN_TYPE, RS_CN_NAME, RS_BK_DESC, RS_URL, RSIM_URL, RS_LEVEL, GHEIGHT_BK_PIXEL, PWIDTH_BK_PIXEL, TITLE_ABLE, PUBLIC_YN_FLAG, OPEN_TYPE, SORT_KEY, RCD_STATE) VALUES ('020602', '0206', '02', 9, '组件列表', '组件列表', '/cmpt/cmpt_list', null, 2, null, null, 1, 2, 1, 2, 1);
INSERT INTO RS_RES (RS_CODE, SUPER_RS_CODE, BL_RS_CODE, RS_FUN_TYPE, RS_CN_NAME, RS_BK_DESC, RS_URL, RSIM_URL, RS_LEVEL, GHEIGHT_BK_PIXEL, PWIDTH_BK_PIXEL, TITLE_ABLE, PUBLIC_YN_FLAG, OPEN_TYPE, SORT_KEY, RCD_STATE) VALUES ('020603', '0206', '02', 9, '组件组列表', '组件组列表', '/cmpt/cmpts_list', null, 2, null, null, 1, 2, 1, 3, 1);
INSERT INTO RS_RES (RS_CODE, SUPER_RS_CODE, BL_RS_CODE, RS_FUN_TYPE, RS_CN_NAME, RS_BK_DESC, RS_URL, RSIM_URL, RS_LEVEL, GHEIGHT_BK_PIXEL, PWIDTH_BK_PIXEL, TITLE_ABLE, PUBLIC_YN_FLAG, OPEN_TYPE, SORT_KEY, RCD_STATE) VALUES ('020604', '0206', '02', 9, '流程模板', '流程模板', '/tmpl/new_tmpl', null, 2, null, null, 1, 2, 1, 4, 1);
INSERT INTO RS_RES (RS_CODE, SUPER_RS_CODE, BL_RS_CODE, RS_FUN_TYPE, RS_CN_NAME, RS_BK_DESC, RS_URL, RSIM_URL, RS_LEVEL, GHEIGHT_BK_PIXEL, PWIDTH_BK_PIXEL, TITLE_ABLE, PUBLIC_YN_FLAG, OPEN_TYPE, SORT_KEY, RCD_STATE) VALUES ('030', '03', '03', 9, 'PF管理', 'PF管理', null, null, -2, null, null, 1, 1, 1, 1, 1);
INSERT INTO RS_RES (RS_CODE, SUPER_RS_CODE, BL_RS_CODE, RS_FUN_TYPE, RS_CN_NAME, RS_BK_DESC, RS_URL, RSIM_URL, RS_LEVEL, GHEIGHT_BK_PIXEL, PWIDTH_BK_PIXEL, TITLE_ABLE, PUBLIC_YN_FLAG, OPEN_TYPE, SORT_KEY, RCD_STATE) VALUES ('0301', '030', '03', 6, '系统管理', '系统管理', 'system/', null, 1, null, null, 1, 2, 1, 1, 1);
INSERT INTO RS_RES (RS_CODE, SUPER_RS_CODE, BL_RS_CODE, RS_FUN_TYPE, RS_CN_NAME, RS_BK_DESC, RS_URL, RSIM_URL, RS_LEVEL, GHEIGHT_BK_PIXEL, PWIDTH_BK_PIXEL, TITLE_ABLE, PUBLIC_YN_FLAG, OPEN_TYPE, SORT_KEY, RCD_STATE) VALUES ('030101', '0301', '03', 6, '部门', '系统管理--部门', 'system/dp/dept_list.html', null, 2, null, null, 1, 2, 1, 1, 1);
INSERT INTO RS_RES (RS_CODE, SUPER_RS_CODE, BL_RS_CODE, RS_FUN_TYPE, RS_CN_NAME, RS_BK_DESC, RS_URL, RSIM_URL, RS_LEVEL, GHEIGHT_BK_PIXEL, PWIDTH_BK_PIXEL, TITLE_ABLE, PUBLIC_YN_FLAG, OPEN_TYPE, SORT_KEY, RCD_STATE) VALUES ('030102', '0301', '03', 6, '部门角色', '系统管理--部门角色', 'system/us/dprl_list.html', null, 2, null, null, 1, 2, 1, 2, 1);
INSERT INTO RS_RES (RS_CODE, SUPER_RS_CODE, BL_RS_CODE, RS_FUN_TYPE, RS_CN_NAME, RS_BK_DESC, RS_URL, RSIM_URL, RS_LEVEL, GHEIGHT_BK_PIXEL, PWIDTH_BK_PIXEL, TITLE_ABLE, PUBLIC_YN_FLAG, OPEN_TYPE, SORT_KEY, RCD_STATE) VALUES ('030103', '0301', '03', 6, '用户', '系统管理--用户', 'system/us/user_list.html', null, 2, null, null, 1, 2, 1, 3, 1);
INSERT INTO RS_RES (RS_CODE, SUPER_RS_CODE, BL_RS_CODE, RS_FUN_TYPE, RS_CN_NAME, RS_BK_DESC, RS_URL, RSIM_URL, RS_LEVEL, GHEIGHT_BK_PIXEL, PWIDTH_BK_PIXEL, TITLE_ABLE, PUBLIC_YN_FLAG, OPEN_TYPE, SORT_KEY, RCD_STATE) VALUES ('030104', '0301', '03', 6, '资源', '系统管理--资源', 'system/rs/rs_list.html', null, 2, null, null, 1, 2, 1, 4, 1);
INSERT INTO RS_RES (RS_CODE, SUPER_RS_CODE, BL_RS_CODE, RS_FUN_TYPE, RS_CN_NAME, RS_BK_DESC, RS_URL, RSIM_URL, RS_LEVEL, GHEIGHT_BK_PIXEL, PWIDTH_BK_PIXEL, TITLE_ABLE, PUBLIC_YN_FLAG, OPEN_TYPE, SORT_KEY, RCD_STATE) VALUES ('030105', '0301', '03', 6, '数据源', '系统管理--数据源', 'system/dt/soc_list.html', null, 2, null, null, 1, 2, 1, 5, 1);
INSERT INTO RS_RES (RS_CODE, SUPER_RS_CODE, BL_RS_CODE, RS_FUN_TYPE, RS_CN_NAME, RS_BK_DESC, RS_URL, RSIM_URL, RS_LEVEL, GHEIGHT_BK_PIXEL, PWIDTH_BK_PIXEL, TITLE_ABLE, PUBLIC_YN_FLAG, OPEN_TYPE, SORT_KEY, RCD_STATE) VALUES ('030106', '0301', '03', 6, '服务', '系统管理--服务', 'system/sv/srv_list.html', null, 2, null, null, 1, 2, 1, 6, 1);
INSERT INTO RS_RES (RS_CODE, SUPER_RS_CODE, BL_RS_CODE, RS_FUN_TYPE, RS_CN_NAME, RS_BK_DESC, RS_URL, RSIM_URL, RS_LEVEL, GHEIGHT_BK_PIXEL, PWIDTH_BK_PIXEL, TITLE_ABLE, PUBLIC_YN_FLAG, OPEN_TYPE, SORT_KEY, RCD_STATE) VALUES ('030107', '0301', '03', 6, '数据字典', '系统管理--数据字典', 'system/dc/dict_list.html', null, 2, null, null, 1, 2, 1, 7, 1);
INSERT INTO RS_RES (RS_CODE, SUPER_RS_CODE, BL_RS_CODE, RS_FUN_TYPE, RS_CN_NAME, RS_BK_DESC, RS_URL, RSIM_URL, RS_LEVEL, GHEIGHT_BK_PIXEL, PWIDTH_BK_PIXEL, TITLE_ABLE, PUBLIC_YN_FLAG, OPEN_TYPE, SORT_KEY, RCD_STATE) VALUES ('030108', '0301', '03', 6, '终端', '系统管理--终端', 'system/tm/term_list.html', null, 2, null, null, 1, 2, 1, 8, 1);
INSERT INTO RS_RES (RS_CODE, SUPER_RS_CODE, BL_RS_CODE, RS_FUN_TYPE, RS_CN_NAME, RS_BK_DESC, RS_URL, RSIM_URL, RS_LEVEL, GHEIGHT_BK_PIXEL, PWIDTH_BK_PIXEL, TITLE_ABLE, PUBLIC_YN_FLAG, OPEN_TYPE, SORT_KEY, RCD_STATE) VALUES ('030109', '0301', '03', 6, '渠道', '系统管理--渠道', 'system/ch/channel_list.html', null, 2, null, null, 1, 2, 1, 9, 1);
INSERT INTO RS_RES (RS_CODE, SUPER_RS_CODE, BL_RS_CODE, RS_FUN_TYPE, RS_CN_NAME, RS_BK_DESC, RS_URL, RSIM_URL, RS_LEVEL, GHEIGHT_BK_PIXEL, PWIDTH_BK_PIXEL, TITLE_ABLE, PUBLIC_YN_FLAG, OPEN_TYPE, SORT_KEY, RCD_STATE) VALUES ('030110', '0301', '03', 6, '服务组', '系统管理--服务组', 'system/sg/srvg_list.html', null, 2, null, null, 1, 2, 1, 10, 1);
INSERT INTO RS_RES (RS_CODE, SUPER_RS_CODE, BL_RS_CODE, RS_FUN_TYPE, RS_CN_NAME, RS_BK_DESC, RS_URL, RSIM_URL, RS_LEVEL, GHEIGHT_BK_PIXEL, PWIDTH_BK_PIXEL, TITLE_ABLE, PUBLIC_YN_FLAG, OPEN_TYPE, SORT_KEY, RCD_STATE) VALUES ('030111', '0301', '03', 6, '审批流程', '系统管理-审批流程', 'system/ap/aprove_edit.html', null, 2, null, null, 1, 2, 1, 11, 1);
INSERT INTO RS_RES (RS_CODE, SUPER_RS_CODE, BL_RS_CODE, RS_FUN_TYPE, RS_CN_NAME, RS_BK_DESC, RS_URL, RSIM_URL, RS_LEVEL, GHEIGHT_BK_PIXEL, PWIDTH_BK_PIXEL, TITLE_ABLE, PUBLIC_YN_FLAG, OPEN_TYPE, SORT_KEY, RCD_STATE) VALUES ('0302', '030', '03', 1, '待处理任务', '待处理任务', 'work/deal_work_list.html', '0', 0, '620px', '1020px', 1, 1, 1, 1, 1);
INSERT INTO RS_RES (RS_CODE, SUPER_RS_CODE, BL_RS_CODE, RS_FUN_TYPE, RS_CN_NAME, RS_BK_DESC, RS_URL, RSIM_URL, RS_LEVEL, GHEIGHT_BK_PIXEL, PWIDTH_BK_PIXEL, TITLE_ABLE, PUBLIC_YN_FLAG, OPEN_TYPE, SORT_KEY, RCD_STATE) VALUES ('0303', '030', '03', 1, '历史任务', '历史任务', 'work/history_work_list.html', '1', 0, '620px', '1020px', 1, 1, 1, 2, 1);
INSERT INTO RS_RES (RS_CODE, SUPER_RS_CODE, BL_RS_CODE, RS_FUN_TYPE, RS_CN_NAME, RS_BK_DESC, RS_URL, RSIM_URL, RS_LEVEL, GHEIGHT_BK_PIXEL, PWIDTH_BK_PIXEL, TITLE_ABLE, PUBLIC_YN_FLAG, OPEN_TYPE, SORT_KEY, RCD_STATE) VALUES ('0304', '030', '03', 6, '日志', '日志', 'system/lg/log_list.html', '3', 0, '620px', '1020px', 1, 1, 1, 3, 1);
INSERT INTO RS_RES (RS_CODE, SUPER_RS_CODE, BL_RS_CODE, RS_FUN_TYPE, RS_CN_NAME, RS_BK_DESC, RS_URL, RSIM_URL, RS_LEVEL, GHEIGHT_BK_PIXEL, PWIDTH_BK_PIXEL, TITLE_ABLE, PUBLIC_YN_FLAG, OPEN_TYPE, SORT_KEY, RCD_STATE) VALUES ('0305', '030', '03', 6, '密码重置', '密码重置', 'system/us/reset_pwd.html', '7', 0, '620px', '600px', 1, 2, 1, 4, 1);
INSERT INTO RS_RES (RS_CODE, SUPER_RS_CODE, BL_RS_CODE, RS_FUN_TYPE, RS_CN_NAME, RS_BK_DESC, RS_URL, RSIM_URL, RS_LEVEL, GHEIGHT_BK_PIXEL, PWIDTH_BK_PIXEL, TITLE_ABLE, PUBLIC_YN_FLAG, OPEN_TYPE, SORT_KEY, RCD_STATE) VALUES ('0306', '030', '03', 6, '密码修改', '密码修改', 'system/us/update_pwd.html', '7', 0, '620px', '600px', 1, 1, 1, 5, 1);
INSERT INTO RS_RES (RS_CODE, SUPER_RS_CODE, BL_RS_CODE, RS_FUN_TYPE, RS_CN_NAME, RS_BK_DESC, RS_URL, RSIM_URL, RS_LEVEL, GHEIGHT_BK_PIXEL, PWIDTH_BK_PIXEL, TITLE_ABLE, PUBLIC_YN_FLAG, OPEN_TYPE, SORT_KEY, RCD_STATE) VALUES ('0307', '030', '03', 6, '强制签退', '强制签退', 'system/us/forced_return.html', '11', 0, '620px', '600px', 1, 2, 1, 6, 1);
INSERT INTO RS_RES (RS_CODE, SUPER_RS_CODE, BL_RS_CODE, RS_FUN_TYPE, RS_CN_NAME, RS_BK_DESC, RS_URL, RSIM_URL, RS_LEVEL, GHEIGHT_BK_PIXEL, PWIDTH_BK_PIXEL, TITLE_ABLE, PUBLIC_YN_FLAG, OPEN_TYPE, SORT_KEY, RCD_STATE) VALUES ('0308', '030', '03', 6, '临时权限申请', '临时权限申请', 'system/us/temp_user_priv.html', '8', 0, '620px', '820px', 1, 1, 1, 7, 1);
INSERT INTO RS_RES (RS_CODE, SUPER_RS_CODE, BL_RS_CODE, RS_FUN_TYPE, RS_CN_NAME, RS_BK_DESC, RS_URL, RSIM_URL, RS_LEVEL, GHEIGHT_BK_PIXEL, PWIDTH_BK_PIXEL, TITLE_ABLE, PUBLIC_YN_FLAG, OPEN_TYPE, SORT_KEY, RCD_STATE) VALUES ('0309', '030', '03', 6, '系统通知', '系统通知', 'system/mg/msg_list.html', '10', 0, '620px', '1020px', 1, 1, 1, 8, 1);
INSERT INTO RS_RES (RS_CODE, SUPER_RS_CODE, BL_RS_CODE, RS_FUN_TYPE, RS_CN_NAME, RS_BK_DESC, RS_URL, RSIM_URL, RS_LEVEL, GHEIGHT_BK_PIXEL, PWIDTH_BK_PIXEL, TITLE_ABLE, PUBLIC_YN_FLAG, OPEN_TYPE, SORT_KEY, RCD_STATE) VALUES ('0310', '030', '03', 6, '通讯录', '通讯录', 'system/us/address_list.html', '13', 0, '620px', '1020px', 1, 1, 1, 9, 1);
INSERT INTO RS_RES (RS_CODE, SUPER_RS_CODE, BL_RS_CODE, RS_FUN_TYPE, RS_CN_NAME, RS_BK_DESC, RS_URL, RSIM_URL, RS_LEVEL, GHEIGHT_BK_PIXEL, PWIDTH_BK_PIXEL, TITLE_ABLE, PUBLIC_YN_FLAG, OPEN_TYPE, SORT_KEY, RCD_STATE) VALUES ('0311', '030', '03', 6, '绑定终端', '系统管理--绑定终端', 'system/us/bind_term.html', '2', 0, '620px', '1020px', 1, 2, 1, 10, 1);
INSERT INTO RS_RES (RS_CODE, SUPER_RS_CODE, BL_RS_CODE, RS_FUN_TYPE, RS_CN_NAME, RS_BK_DESC, RS_URL, RSIM_URL, RS_LEVEL, GHEIGHT_BK_PIXEL, PWIDTH_BK_PIXEL, TITLE_ABLE, PUBLIC_YN_FLAG, OPEN_TYPE, SORT_KEY, RCD_STATE) VALUES ('09', null, null, 9, '审批定制页面', '审批定制页面', null, null, 3, null, null, 1, 1, 1, 3, 1);
INSERT INTO RS_RES (RS_CODE, SUPER_RS_CODE, BL_RS_CODE, RS_FUN_TYPE, RS_CN_NAME, RS_BK_DESC, RS_URL, RSIM_URL, RS_LEVEL, GHEIGHT_BK_PIXEL, PWIDTH_BK_PIXEL, TITLE_ABLE, PUBLIC_YN_FLAG, OPEN_TYPE, SORT_KEY, RCD_STATE) VALUES ('090201', '09', null, 9, '修改系统模板', '修改系统模板', null, null, 0, '620px', '600px', 1, 1, 1, 1, 1);
INSERT INTO RS_RES (RS_CODE, SUPER_RS_CODE, BL_RS_CODE, RS_FUN_TYPE, RS_CN_NAME, RS_BK_DESC, RS_URL, RSIM_URL, RS_LEVEL, GHEIGHT_BK_PIXEL, PWIDTH_BK_PIXEL, TITLE_ABLE, PUBLIC_YN_FLAG, OPEN_TYPE, SORT_KEY, RCD_STATE) VALUES ('020605', '0206', '02', 9, '模板列表', '模板列表', '/tmpl/tmpl_list', null, 2, null, null, 1, 2, 1, 5, 1);
INSERT INTO RS_RES (RS_CODE, SUPER_RS_CODE, BL_RS_CODE, RS_FUN_TYPE, RS_CN_NAME, RS_BK_DESC, RS_URL, RSIM_URL, RS_LEVEL, GHEIGHT_BK_PIXEL, PWIDTH_BK_PIXEL, TITLE_ABLE, PUBLIC_YN_FLAG, OPEN_TYPE, SORT_KEY, RCD_STATE) VALUES ('03', null, null, 9, 'PF-系统管理平台', '系统管理平台', 'cm/index.html', 'cx_icon', -1, null, null, 1, 2, 1, 2, 1);
INSERT INTO RS_RES (RS_CODE, SUPER_RS_CODE, BL_RS_CODE, RS_FUN_TYPE, RS_CN_NAME, RS_BK_DESC, RS_URL, RSIM_URL, RS_LEVEL, GHEIGHT_BK_PIXEL, PWIDTH_BK_PIXEL, TITLE_ABLE, PUBLIC_YN_FLAG, OPEN_TYPE, SORT_KEY, RCD_STATE) VALUES ('1000', null, null, 9, 'APP基础资源', 'APP基础资源', null, null, 3, null, null, 1, 1, 1, 2, 1);

INSERT INTO SV_SRV (SRV_NAME, SUP_SRVG_CODE, SRV_BK_DESC, SRV_FUN_TYPE, SRV_CLASS_NAME, SRV_METHOD_NAME, CHECK_FLAG, AUTH_FLAG, SOC_FLAG, SALLOW_FLAG, LOG_LEVEL, RCD_STATE, APROV_TYPE, CUSTOM_RS_CODE) VALUES ('ap_QueryApproveSrvByUserAction', '01', '用户查询所有可以配置审批流程的服务', 6, 'com.wk.cd.system.ap.action.QueryApproveSrvByUserAction', null, 2, 2, 2, 3, 1, 1, 1, null);
INSERT INTO SV_SRV (SRV_NAME, SUP_SRVG_CODE, SRV_BK_DESC, SRV_FUN_TYPE, SRV_CLASS_NAME, SRV_METHOD_NAME, CHECK_FLAG, AUTH_FLAG, SOC_FLAG, SALLOW_FLAG, LOG_LEVEL, RCD_STATE, APROV_TYPE, CUSTOM_RS_CODE) VALUES ('ap_QuerySrvPrivBySrvNameAction', '01', '根据服务名称查询服务权限', 6, 'com.wk.cd.system.ap.action.QuerySrvPrivBySrvNameAction', null, 2, 2, 2, 3, 1, 1, 1, null);
INSERT INTO SV_SRV (SRV_NAME, SUP_SRVG_CODE, SRV_BK_DESC, SRV_FUN_TYPE, SRV_CLASS_NAME, SRV_METHOD_NAME, CHECK_FLAG, AUTH_FLAG, SOC_FLAG, SALLOW_FLAG, LOG_LEVEL, RCD_STATE, APROV_TYPE, CUSTOM_RS_CODE) VALUES ('ap_UpdateSrvPrivAction', '01', '修改服务复核审批权限', 6, 'com.wk.cd.system.ap.action.UpdateSrvPrivAction', null, 2, 2, 2, 3, 1, 1, 1, null);
INSERT INTO SV_SRV (SRV_NAME, SUP_SRVG_CODE, SRV_BK_DESC, SRV_FUN_TYPE, SRV_CLASS_NAME, SRV_METHOD_NAME, CHECK_FLAG, AUTH_FLAG, SOC_FLAG, SALLOW_FLAG, LOG_LEVEL, RCD_STATE, APROV_TYPE, CUSTOM_RS_CODE) VALUES ('bs_ViewDtActionqueryListSocName', '11', '查询全部数据源名称列表', 6, 'com.wk.cd.system.dt.action.ViewDtAction', 'queryListSocName', 2, 2, 2, 3, 1, 1, 1, null);
INSERT INTO SV_SRV (SRV_NAME, SUP_SRVG_CODE, SRV_BK_DESC, SRV_FUN_TYPE, SRV_CLASS_NAME, SRV_METHOD_NAME, CHECK_FLAG, AUTH_FLAG, SOC_FLAG, SALLOW_FLAG, LOG_LEVEL, RCD_STATE, APROV_TYPE, CUSTOM_RS_CODE) VALUES ('bs_ViewDtActionquerySocByIpByProType', '11', '查询连接方式为FTP全部数据源名称列表', 6, 'com.wk.cd.system.dt.action.ViewDtAction', 'querySocByIpByProType', 2, 2, 2, 3, 1, 1, 1, null);
INSERT INTO SV_SRV (SRV_NAME, SUP_SRVG_CODE, SRV_BK_DESC, SRV_FUN_TYPE, SRV_CLASS_NAME, SRV_METHOD_NAME, CHECK_FLAG, AUTH_FLAG, SOC_FLAG, SALLOW_FLAG, LOG_LEVEL, RCD_STATE, APROV_TYPE, CUSTOM_RS_CODE) VALUES ('ch_AddChannelAction', '09', '新增渠道信息', 6, 'com.wk.cd.system.ch.action.AddChannelAction', null, 1, 1, 2, 3, 3, 1, 1, null);
INSERT INTO SV_SRV (SRV_NAME, SUP_SRVG_CODE, SRV_BK_DESC, SRV_FUN_TYPE, SRV_CLASS_NAME, SRV_METHOD_NAME, CHECK_FLAG, AUTH_FLAG, SOC_FLAG, SALLOW_FLAG, LOG_LEVEL, RCD_STATE, APROV_TYPE, CUSTOM_RS_CODE) VALUES ('ch_DeleteChannelAction', '09', '删除渠道信息', 6, 'com.wk.cd.system.ch.action.DeleteChannelAction', null, 1, 1, 2, 3, 4, 1, 1, null);
INSERT INTO SV_SRV (SRV_NAME, SUP_SRVG_CODE, SRV_BK_DESC, SRV_FUN_TYPE, SRV_CLASS_NAME, SRV_METHOD_NAME, CHECK_FLAG, AUTH_FLAG, SOC_FLAG, SALLOW_FLAG, LOG_LEVEL, RCD_STATE, APROV_TYPE, CUSTOM_RS_CODE) VALUES ('ch_PageChannelAction', '09', '分页查询渠道信息', 6, 'com.wk.cd.system.ch.action.PageChannelAction', null, 2, 2, 2, 3, 1, 1, 1, null);
INSERT INTO SV_SRV (SRV_NAME, SUP_SRVG_CODE, SRV_BK_DESC, SRV_FUN_TYPE, SRV_CLASS_NAME, SRV_METHOD_NAME, CHECK_FLAG, AUTH_FLAG, SOC_FLAG, SALLOW_FLAG, LOG_LEVEL, RCD_STATE, APROV_TYPE, CUSTOM_RS_CODE) VALUES ('ch_QueryAllChChannelAction', '09', '查询所有渠道信息列表', 6, 'com.wk.cd.system.ch.action.QueryAllChChannelAction', null, 2, 2, 2, 3, 1, 1, 1, null);
INSERT INTO SV_SRV (SRV_NAME, SUP_SRVG_CODE, SRV_BK_DESC, SRV_FUN_TYPE, SRV_CLASS_NAME, SRV_METHOD_NAME, CHECK_FLAG, AUTH_FLAG, SOC_FLAG, SALLOW_FLAG, LOG_LEVEL, RCD_STATE, APROV_TYPE, CUSTOM_RS_CODE) VALUES ('ch_QueryChannelAction', '09', '查询渠道信息', 6, 'com.wk.cd.system.ch.action.QueryChannelAction', null, 2, 2, 2, 3, 1, 1, 1, null);
INSERT INTO SV_SRV (SRV_NAME, SUP_SRVG_CODE, SRV_BK_DESC, SRV_FUN_TYPE, SRV_CLASS_NAME, SRV_METHOD_NAME, CHECK_FLAG, AUTH_FLAG, SOC_FLAG, SALLOW_FLAG, LOG_LEVEL, RCD_STATE, APROV_TYPE, CUSTOM_RS_CODE) VALUES ('ch_QueryChannelSrvPrivAction', '09', '查询渠道服务权限', 6, 'com.wk.cd.system.ch.action.QueryChannelSrvPrivAction', null, 2, 2, 2, 3, 1, 1, 1, null);
INSERT INTO SV_SRV (SRV_NAME, SUP_SRVG_CODE, SRV_BK_DESC, SRV_FUN_TYPE, SRV_CLASS_NAME, SRV_METHOD_NAME, CHECK_FLAG, AUTH_FLAG, SOC_FLAG, SALLOW_FLAG, LOG_LEVEL, RCD_STATE, APROV_TYPE, CUSTOM_RS_CODE) VALUES ('ch_UpdateChannelAction', '09', '修改渠道信息', 6, 'com.wk.cd.system.ch.action.UpdateChannelAction', null, 1, 1, 2, 3, 3, 1, 1, null);
INSERT INTO SV_SRV (SRV_NAME, SUP_SRVG_CODE, SRV_BK_DESC, SRV_FUN_TYPE, SRV_CLASS_NAME, SRV_METHOD_NAME, CHECK_FLAG, AUTH_FLAG, SOC_FLAG, SALLOW_FLAG, LOG_LEVEL, RCD_STATE, APROV_TYPE, CUSTOM_RS_CODE) VALUES ('ch_UpdateChannelSrvPrivAction', '09', '修改渠道服务权限', 6, 'com.wk.cd.system.ch.action.UpdateChannelSrvPrivAction', null, 1, 1, 2, 3, 3, 1, 1, null);
INSERT INTO SV_SRV (SRV_NAME, SUP_SRVG_CODE, SRV_BK_DESC, SRV_FUN_TYPE, SRV_CLASS_NAME, SRV_METHOD_NAME, CHECK_FLAG, AUTH_FLAG, SOC_FLAG, SALLOW_FLAG, LOG_LEVEL, RCD_STATE, APROV_TYPE, CUSTOM_RS_CODE) VALUES ('cm_RegistLicenseAction', '11', '注册license信息', 9, 'com.wk.cd.common.action.RegistLicenseAction', null, 2, 2, 2, 3, 1, 1, 1, null);
INSERT INTO SV_SRV (SRV_NAME, SUP_SRVG_CODE, SRV_BK_DESC, SRV_FUN_TYPE, SRV_CLASS_NAME, SRV_METHOD_NAME, CHECK_FLAG, AUTH_FLAG, SOC_FLAG, SALLOW_FLAG, LOG_LEVEL, RCD_STATE, APROV_TYPE, CUSTOM_RS_CODE) VALUES ('cm_ViewLicenseActionloadLicense', '11', '读取License信息', 9, 'com.wk.cd.common.action.ViewLicenseAction', 'loadLicense', 2, 2, 2, 3, 1, 1, 1, null);
INSERT INTO SV_SRV (SRV_NAME, SUP_SRVG_CODE, SRV_BK_DESC, SRV_FUN_TYPE, SRV_CLASS_NAME, SRV_METHOD_NAME, CHECK_FLAG, AUTH_FLAG, SOC_FLAG, SALLOW_FLAG, LOG_LEVEL, RCD_STATE, APROV_TYPE, CUSTOM_RS_CODE) VALUES ('dc_AddDictAction', '07', '新增数据字典', 6, 'com.wk.cd.system.dc.action.AddDictAction', null, 1, 1, 2, 3, 3, 1, 1, null);
INSERT INTO SV_SRV (SRV_NAME, SUP_SRVG_CODE, SRV_BK_DESC, SRV_FUN_TYPE, SRV_CLASS_NAME, SRV_METHOD_NAME, CHECK_FLAG, AUTH_FLAG, SOC_FLAG, SALLOW_FLAG, LOG_LEVEL, RCD_STATE, APROV_TYPE, CUSTOM_RS_CODE) VALUES ('dc_DeleteDictAction', '07', '删除数据字典', 6, 'com.wk.cd.system.dc.action.DeleteDictAction', null, 1, 1, 2, 3, 4, 1, 1, null);
INSERT INTO SV_SRV (SRV_NAME, SUP_SRVG_CODE, SRV_BK_DESC, SRV_FUN_TYPE, SRV_CLASS_NAME, SRV_METHOD_NAME, CHECK_FLAG, AUTH_FLAG, SOC_FLAG, SALLOW_FLAG, LOG_LEVEL, RCD_STATE, APROV_TYPE, CUSTOM_RS_CODE) VALUES ('dc_GetDictAction', '07', '获取数据字典详细信息', 6, 'com.wk.cd.system.dc.action.GetDictAction', null, 2, 2, 2, 3, 1, 1, 1, null);
INSERT INTO SV_SRV (SRV_NAME, SUP_SRVG_CODE, SRV_BK_DESC, SRV_FUN_TYPE, SRV_CLASS_NAME, SRV_METHOD_NAME, CHECK_FLAG, AUTH_FLAG, SOC_FLAG, SALLOW_FLAG, LOG_LEVEL, RCD_STATE, APROV_TYPE, CUSTOM_RS_CODE) VALUES ('dc_PageDictAction', '07', '分页查询数据字典列', 6, 'com.wk.cd.system.dc.action.PageDictAction', null, 2, 2, 2, 3, 1, 1, 1, null);
INSERT INTO SV_SRV (SRV_NAME, SUP_SRVG_CODE, SRV_BK_DESC, SRV_FUN_TYPE, SRV_CLASS_NAME, SRV_METHOD_NAME, CHECK_FLAG, AUTH_FLAG, SOC_FLAG, SALLOW_FLAG, LOG_LEVEL, RCD_STATE, APROV_TYPE, CUSTOM_RS_CODE) VALUES ('dc_UpdateDictAction', '07', '修改数据字典信息', 6, 'com.wk.cd.system.dc.action.UpdateDictAction', null, 1, 1, 2, 3, 3, 1, 1, null);
INSERT INTO SV_SRV (SRV_NAME, SUP_SRVG_CODE, SRV_BK_DESC, SRV_FUN_TYPE, SRV_CLASS_NAME, SRV_METHOD_NAME, CHECK_FLAG, AUTH_FLAG, SOC_FLAG, SALLOW_FLAG, LOG_LEVEL, RCD_STATE, APROV_TYPE, CUSTOM_RS_CODE) VALUES ('dp_AddDeptAction', '02', '新增部门信息', 6, 'com.wk.cd.system.dp.action.AddDeptAction', null, 1, 1, 2, 3, 3, 1, 1, null);
INSERT INTO SV_SRV (SRV_NAME, SUP_SRVG_CODE, SRV_BK_DESC, SRV_FUN_TYPE, SRV_CLASS_NAME, SRV_METHOD_NAME, CHECK_FLAG, AUTH_FLAG, SOC_FLAG, SALLOW_FLAG, LOG_LEVEL, RCD_STATE, APROV_TYPE, CUSTOM_RS_CODE) VALUES ('dp_DeleteDeptAction', '02', '删除部门', 6, 'com.wk.cd.system.dp.action.DeleteDeptAction', null, 1, 1, 2, 3, 4, 1, 1, null);
INSERT INTO SV_SRV (SRV_NAME, SUP_SRVG_CODE, SRV_BK_DESC, SRV_FUN_TYPE, SRV_CLASS_NAME, SRV_METHOD_NAME, CHECK_FLAG, AUTH_FLAG, SOC_FLAG, SALLOW_FLAG, LOG_LEVEL, RCD_STATE, APROV_TYPE, CUSTOM_RS_CODE) VALUES ('dp_ListDeptsByNameAction', '02', '根据部门名称模糊查询部门信息', 6, 'com.wk.cd.system.dp.action.ListDeptsByNameAction', null, 2, 2, 2, 3, 1, 1, 1, null);
INSERT INTO SV_SRV (SRV_NAME, SUP_SRVG_CODE, SRV_BK_DESC, SRV_FUN_TYPE, SRV_CLASS_NAME, SRV_METHOD_NAME, CHECK_FLAG, AUTH_FLAG, SOC_FLAG, SALLOW_FLAG, LOG_LEVEL, RCD_STATE, APROV_TYPE, CUSTOM_RS_CODE) VALUES ('dp_QueryDeptInfoAction', '02', '查询部门详细信息', 6, 'com.wk.cd.system.dp.action.QueryDeptInfoAction', null, 2, 2, 2, 3, 1, 1, 1, null);
INSERT INTO SV_SRV (SRV_NAME, SUP_SRVG_CODE, SRV_BK_DESC, SRV_FUN_TYPE, SRV_CLASS_NAME, SRV_METHOD_NAME, CHECK_FLAG, AUTH_FLAG, SOC_FLAG, SALLOW_FLAG, LOG_LEVEL, RCD_STATE, APROV_TYPE, CUSTOM_RS_CODE) VALUES ('dp_QueryDeptPrivAction', '02', '查询部门详细信息', 6, 'com.wk.cd.system.dp.action.QueryDeptPrivAction', null, 2, 2, 2, 3, 1, 1, 1, null);
INSERT INTO SV_SRV (SRV_NAME, SUP_SRVG_CODE, SRV_BK_DESC, SRV_FUN_TYPE, SRV_CLASS_NAME, SRV_METHOD_NAME, CHECK_FLAG, AUTH_FLAG, SOC_FLAG, SALLOW_FLAG, LOG_LEVEL, RCD_STATE, APROV_TYPE, CUSTOM_RS_CODE) VALUES ('dp_UpdateDeptAction', '02', '修改部门信息', 6, 'com.wk.cd.system.dp.action.UpdateDeptAction', null, 1, 1, 2, 3, 3, 1, 1, null);
INSERT INTO SV_SRV (SRV_NAME, SUP_SRVG_CODE, SRV_BK_DESC, SRV_FUN_TYPE, SRV_CLASS_NAME, SRV_METHOD_NAME, CHECK_FLAG, AUTH_FLAG, SOC_FLAG, SALLOW_FLAG, LOG_LEVEL, RCD_STATE, APROV_TYPE, CUSTOM_RS_CODE) VALUES ('dp_UpdateDeptColPrivAction', '02', '修改部门Col权限信息', 6, 'com.wk.cd.system.dp.action.UpdateDeptColPrivAction', null, 1, 1, 2, 3, 3, 1, 1, null);
INSERT INTO SV_SRV (SRV_NAME, SUP_SRVG_CODE, SRV_BK_DESC, SRV_FUN_TYPE, SRV_CLASS_NAME, SRV_METHOD_NAME, CHECK_FLAG, AUTH_FLAG, SOC_FLAG, SALLOW_FLAG, LOG_LEVEL, RCD_STATE, APROV_TYPE, CUSTOM_RS_CODE) VALUES ('dp_UpdateDeptRsOptPrivAction', '02', '修改部门资源操作权限', 6, 'com.wk.cd.system.dp.action.UpdateDeptRsOptPrivAction', null, 1, 1, 2, 3, 3, 1, 1, null);
INSERT INTO SV_SRV (SRV_NAME, SUP_SRVG_CODE, SRV_BK_DESC, SRV_FUN_TYPE, SRV_CLASS_NAME, SRV_METHOD_NAME, CHECK_FLAG, AUTH_FLAG, SOC_FLAG, SALLOW_FLAG, LOG_LEVEL, RCD_STATE, APROV_TYPE, CUSTOM_RS_CODE) VALUES ('dp_UpdateDeptSocPrivAction', '02', '修改部门数据源权限信息', 6, 'com.wk.cd.system.dp.action.UpdateDeptSocPrivAction', null, 1, 1, 2, 3, 3, 1, 1, null);
INSERT INTO SV_SRV (SRV_NAME, SUP_SRVG_CODE, SRV_BK_DESC, SRV_FUN_TYPE, SRV_CLASS_NAME, SRV_METHOD_NAME, CHECK_FLAG, AUTH_FLAG, SOC_FLAG, SALLOW_FLAG, LOG_LEVEL, RCD_STATE, APROV_TYPE, CUSTOM_RS_CODE) VALUES ('dp_UpdateDeptSqlPrivAction', '02', '修改部门Sql权限信息', 6, 'com.wk.cd.system.dp.action.UpdateDeptSqlPrivAction', null, 1, 1, 2, 3, 3, 1, 1, null);
INSERT INTO SV_SRV (SRV_NAME, SUP_SRVG_CODE, SRV_BK_DESC, SRV_FUN_TYPE, SRV_CLASS_NAME, SRV_METHOD_NAME, CHECK_FLAG, AUTH_FLAG, SOC_FLAG, SALLOW_FLAG, LOG_LEVEL, RCD_STATE, APROV_TYPE, CUSTOM_RS_CODE) VALUES ('dt_AddSocAction', '05', '添加数据源功能', 6, 'com.wk.cd.system.dt.action.AddSocAction', null, 1, 1, 2, 3, 3, 1, 1, null);
INSERT INTO SV_SRV (SRV_NAME, SUP_SRVG_CODE, SRV_BK_DESC, SRV_FUN_TYPE, SRV_CLASS_NAME, SRV_METHOD_NAME, CHECK_FLAG, AUTH_FLAG, SOC_FLAG, SALLOW_FLAG, LOG_LEVEL, RCD_STATE, APROV_TYPE, CUSTOM_RS_CODE) VALUES ('dt_DeleteSocAction', '05', '实现删除数据源', 6, 'com.wk.cd.system.dt.action.DeleteSocAction', null, 1, 1, 2, 3, 4, 1, 1, null);
INSERT INTO SV_SRV (SRV_NAME, SUP_SRVG_CODE, SRV_BK_DESC, SRV_FUN_TYPE, SRV_CLASS_NAME, SRV_METHOD_NAME, CHECK_FLAG, AUTH_FLAG, SOC_FLAG, SALLOW_FLAG, LOG_LEVEL, RCD_STATE, APROV_TYPE, CUSTOM_RS_CODE) VALUES ('dt_PageAllSocAction', '05', '实现分页查询数据源信息', 6, 'com.wk.cd.system.dt.action.PageAllSocAction', null, 2, 2, 2, 3, 1, 1, 1, null);
INSERT INTO SV_SRV (SRV_NAME, SUP_SRVG_CODE, SRV_BK_DESC, SRV_FUN_TYPE, SRV_CLASS_NAME, SRV_METHOD_NAME, CHECK_FLAG, AUTH_FLAG, SOC_FLAG, SALLOW_FLAG, LOG_LEVEL, RCD_STATE, APROV_TYPE, CUSTOM_RS_CODE) VALUES ('dt_QuerySocBySocNameAction', '05', '根据数据源名称查询数据源的详细信息', 6, 'com.wk.cd.system.dt.action.QuerySocBySocNameAction', null, 2, 2, 2, 3, 1, 1, 1, null);
INSERT INTO SV_SRV (SRV_NAME, SUP_SRVG_CODE, SRV_BK_DESC, SRV_FUN_TYPE, SRV_CLASS_NAME, SRV_METHOD_NAME, CHECK_FLAG, AUTH_FLAG, SOC_FLAG, SALLOW_FLAG, LOG_LEVEL, RCD_STATE, APROV_TYPE, CUSTOM_RS_CODE) VALUES ('dt_UpdateSocAction', '05', '实现更新数据源信息', 6, 'com.wk.cd.system.dt.action.UpdateSocAction', null, 1, 1, 2, 3, 3, 1, 1, null);
INSERT INTO SV_SRV (SRV_NAME, SUP_SRVG_CODE, SRV_BK_DESC, SRV_FUN_TYPE, SRV_CLASS_NAME, SRV_METHOD_NAME, CHECK_FLAG, AUTH_FLAG, SOC_FLAG, SALLOW_FLAG, LOG_LEVEL, RCD_STATE, APROV_TYPE, CUSTOM_RS_CODE) VALUES ('dt_ViewDtActionqueryListSocName', '05', '查询所有数据源名', 6, 'com.wk.cd.system.dt.action.ViewDtAction', 'queryListSocName', 2, 2, 2, 3, 1, 1, 1, null);
INSERT INTO SV_SRV (SRV_NAME, SUP_SRVG_CODE, SRV_BK_DESC, SRV_FUN_TYPE, SRV_CLASS_NAME, SRV_METHOD_NAME, CHECK_FLAG, AUTH_FLAG, SOC_FLAG, SALLOW_FLAG, LOG_LEVEL, RCD_STATE, APROV_TYPE, CUSTOM_RS_CODE) VALUES ('dt_ViewDtActionqueryProtocolAndSocNameByIP', '05', '根据IP获取所有的协议类型及相应数据源列表', 6, 'com.wk.cd.system.dt.action.ViewDtAction', 'queryProtocolAndSocNameByIP', 2, 2, 2, 3, 1, 1, 1, null);
INSERT INTO SV_SRV (SRV_NAME, SUP_SRVG_CODE, SRV_BK_DESC, SRV_FUN_TYPE, SRV_CLASS_NAME, SRV_METHOD_NAME, CHECK_FLAG, AUTH_FLAG, SOC_FLAG, SALLOW_FLAG, LOG_LEVEL, RCD_STATE, APROV_TYPE, CUSTOM_RS_CODE) VALUES ('ea_AddBuildExeScriptAction', '12', '保存构建脚本执行信息', 7, 'com.wk.cd.build.ea.action.AddBuildExeScriptAction', null, 1, 1, 2, 3, 3, 1, 1, null);
INSERT INTO SV_SRV (SRV_NAME, SUP_SRVG_CODE, SRV_BK_DESC, SRV_FUN_TYPE, SRV_CLASS_NAME, SRV_METHOD_NAME, CHECK_FLAG, AUTH_FLAG, SOC_FLAG, SALLOW_FLAG, LOG_LEVEL, RCD_STATE, APROV_TYPE, CUSTOM_RS_CODE) VALUES ('ea_AddEnvProgBasicAction', '12', '新增环境方案基本信息', 7, 'com.wk.cd.build.ea.action.AddEnvProgBasicAction', '', 1, 1, 2, 3, 3, 1, 1, null);
INSERT INTO SV_SRV (SRV_NAME, SUP_SRVG_CODE, SRV_BK_DESC, SRV_FUN_TYPE, SRV_CLASS_NAME, SRV_METHOD_NAME, CHECK_FLAG, AUTH_FLAG, SOC_FLAG, SALLOW_FLAG, LOG_LEVEL, RCD_STATE, APROV_TYPE, CUSTOM_RS_CODE) VALUES ('ea_AddInteProgStepAction', '12', '新增单个集成方案步骤', 7, 'com.wk.cd.build.ea.action.AddInteProgStepAction', null, 1, 1, 2, 3, 3, 1, 1, null);
INSERT INTO SV_SRV (SRV_NAME, SUP_SRVG_CODE, SRV_BK_DESC, SRV_FUN_TYPE, SRV_CLASS_NAME, SRV_METHOD_NAME, CHECK_FLAG, AUTH_FLAG, SOC_FLAG, SALLOW_FLAG, LOG_LEVEL, RCD_STATE, APROV_TYPE, CUSTOM_RS_CODE) VALUES ('ea_AddInteTaskAction', '12', '保存集成任务', 7, 'com.wk.cd.build.ea.action.AddInteTaskAction', null, 1, 1, 2, 3, 3, 1, 1, null);
INSERT INTO SV_SRV (SRV_NAME, SUP_SRVG_CODE, SRV_BK_DESC, SRV_FUN_TYPE, SRV_CLASS_NAME, SRV_METHOD_NAME, CHECK_FLAG, AUTH_FLAG, SOC_FLAG, SALLOW_FLAG, LOG_LEVEL, RCD_STATE, APROV_TYPE, CUSTOM_RS_CODE) VALUES ('ea_AddPublishProgDetailAction', '12', '保存发布方案详细信息', 7, 'com.wk.cd.build.ea.action.AddPublishProgDetailAction', null, 1, 1, 2, 3, 3, 1, 1, null);
INSERT INTO SV_SRV (SRV_NAME, SUP_SRVG_CODE, SRV_BK_DESC, SRV_FUN_TYPE, SRV_CLASS_NAME, SRV_METHOD_NAME, CHECK_FLAG, AUTH_FLAG, SOC_FLAG, SALLOW_FLAG, LOG_LEVEL, RCD_STATE, APROV_TYPE, CUSTOM_RS_CODE) VALUES ('ea_AddPublishTaskAction', '12', '保存任务发布信息', 7, 'com.wk.cd.build.ea.action.AddPublishTaskAction', null, 1, 1, 2, 3, 3, 1, 1, null);
INSERT INTO SV_SRV (SRV_NAME, SUP_SRVG_CODE, SRV_BK_DESC, SRV_FUN_TYPE, SRV_CLASS_NAME, SRV_METHOD_NAME, CHECK_FLAG, AUTH_FLAG, SOC_FLAG, SALLOW_FLAG, LOG_LEVEL, RCD_STATE, APROV_TYPE, CUSTOM_RS_CODE) VALUES ('ea_CheckPublishListAndPacAction', '12', '校验发布文件清单和投产包', 7, 'com.wk.cd.build.ea.action.CheckPublishListAndPacAction', null, 1, 1, 2, 3, 3, 1, 1, null);
INSERT INTO SV_SRV (SRV_NAME, SUP_SRVG_CODE, SRV_BK_DESC, SRV_FUN_TYPE, SRV_CLASS_NAME, SRV_METHOD_NAME, CHECK_FLAG, AUTH_FLAG, SOC_FLAG, SALLOW_FLAG, LOG_LEVEL, RCD_STATE, APROV_TYPE, CUSTOM_RS_CODE) VALUES ('ea_CheckPublishListAndPacForAppAction', '12', '校验发布文件清单和投产包(APP)', 7, 'com.wk.cd.build.ea.action.CheckPublishListAndPacForAppAction', null, 1, 1, 2, 3, 3, 1, 1, null);
INSERT INTO SV_SRV (SRV_NAME, SUP_SRVG_CODE, SRV_BK_DESC, SRV_FUN_TYPE, SRV_CLASS_NAME, SRV_METHOD_NAME, CHECK_FLAG, AUTH_FLAG, SOC_FLAG, SALLOW_FLAG, LOG_LEVEL, RCD_STATE, APROV_TYPE, CUSTOM_RS_CODE) VALUES ('ea_CloseBuildTaskAction', '12', '关闭单个构建任务', 7, 'com.wk.cd.build.ea.action.CloseBuildTaskAction', '', 1, 1, 2, 3, 3, 1, 1, null);
INSERT INTO SV_SRV (SRV_NAME, SUP_SRVG_CODE, SRV_BK_DESC, SRV_FUN_TYPE, SRV_CLASS_NAME, SRV_METHOD_NAME, CHECK_FLAG, AUTH_FLAG, SOC_FLAG, SALLOW_FLAG, LOG_LEVEL, RCD_STATE, APROV_TYPE, CUSTOM_RS_CODE) VALUES ('ea_CloseInteTaskAction', '12', '关闭集成任务', 7, 'com.wk.cd.build.ea.action.CloseInteTaskAction', '', 1, 1, 2, 3, 3, 1, 1, null);
INSERT INTO SV_SRV (SRV_NAME, SUP_SRVG_CODE, SRV_BK_DESC, SRV_FUN_TYPE, SRV_CLASS_NAME, SRV_METHOD_NAME, CHECK_FLAG, AUTH_FLAG, SOC_FLAG, SALLOW_FLAG, LOG_LEVEL, RCD_STATE, APROV_TYPE, CUSTOM_RS_CODE) VALUES ('ea_ClosePublishTaskAction', '12', '关闭发布任务', 7, 'com.wk.cd.build.ea.action.ClosePublishTaskAction', '', 1, 1, 2, 3, 3, 1, 1, null);
INSERT INTO SV_SRV (SRV_NAME, SUP_SRVG_CODE, SRV_BK_DESC, SRV_FUN_TYPE, SRV_CLASS_NAME, SRV_METHOD_NAME, CHECK_FLAG, AUTH_FLAG, SOC_FLAG, SALLOW_FLAG, LOG_LEVEL, RCD_STATE, APROV_TYPE, CUSTOM_RS_CODE) VALUES ('ea_CloseStorageAction', '12', '关闭入库任务', 7, 'com.wk.cd.build.ea.action.CloseStorageAction', '', 1, 1, 2, 3, 3, 1, 1, null);
INSERT INTO SV_SRV (SRV_NAME, SUP_SRVG_CODE, SRV_BK_DESC, SRV_FUN_TYPE, SRV_CLASS_NAME, SRV_METHOD_NAME, CHECK_FLAG, AUTH_FLAG, SOC_FLAG, SALLOW_FLAG, LOG_LEVEL, RCD_STATE, APROV_TYPE, CUSTOM_RS_CODE) VALUES ('ea_CompleteBuildTaskAction', '01', '完成环境构建任务', 7, 'com.wk.cd.build.ea.action.CompleteBuildTaskAction', '', 2, 2, 2, 3, 1, 1, 1, null);
INSERT INTO SV_SRV (SRV_NAME, SUP_SRVG_CODE, SRV_BK_DESC, SRV_FUN_TYPE, SRV_CLASS_NAME, SRV_METHOD_NAME, CHECK_FLAG, AUTH_FLAG, SOC_FLAG, SALLOW_FLAG, LOG_LEVEL, RCD_STATE, APROV_TYPE, CUSTOM_RS_CODE) VALUES ('ea_DeleteBuildConfigAction', '12', '删除构建配置文件服务', 7, 'com.wk.cd.build.ea.action.DeleteBuildConfigAction', '', 1, 1, 2, 3, 3, 1, 1, null);
INSERT INTO SV_SRV (SRV_NAME, SUP_SRVG_CODE, SRV_BK_DESC, SRV_FUN_TYPE, SRV_CLASS_NAME, SRV_METHOD_NAME, CHECK_FLAG, AUTH_FLAG, SOC_FLAG, SALLOW_FLAG, LOG_LEVEL, RCD_STATE, APROV_TYPE, CUSTOM_RS_CODE) VALUES ('ea_DeleteEnvConfigFileAction', '12', '删除配置文件服务', 7, 'com.wk.cd.build.ea.action.DeleteEnvConfigFileAction', null, 1, 1, 2, 3, 3, 1, 1, null);
INSERT INTO SV_SRV (SRV_NAME, SUP_SRVG_CODE, SRV_BK_DESC, SRV_FUN_TYPE, SRV_CLASS_NAME, SRV_METHOD_NAME, CHECK_FLAG, AUTH_FLAG, SOC_FLAG, SALLOW_FLAG, LOG_LEVEL, RCD_STATE, APROV_TYPE, CUSTOM_RS_CODE) VALUES ('ea_DeleteEnvProgAction', '12', '删除单个环境方案', 7, 'com.wk.cd.build.ea.action.DeleteEnvProgAction', '', 1, 1, 2, 3, 3, 1, 1, null);
INSERT INTO SV_SRV (SRV_NAME, SUP_SRVG_CODE, SRV_BK_DESC, SRV_FUN_TYPE, SRV_CLASS_NAME, SRV_METHOD_NAME, CHECK_FLAG, AUTH_FLAG, SOC_FLAG, SALLOW_FLAG, LOG_LEVEL, RCD_STATE, APROV_TYPE, CUSTOM_RS_CODE) VALUES ('ea_DeleteInteProgStepAction', '12', '删除单个集成方案步骤', 7, 'com.wk.cd.build.ea.action.DeleteInteProgStepAction', null, 1, 1, 2, 3, 3, 1, 1, null);
INSERT INTO SV_SRV (SRV_NAME, SUP_SRVG_CODE, SRV_BK_DESC, SRV_FUN_TYPE, SRV_CLASS_NAME, SRV_METHOD_NAME, CHECK_FLAG, AUTH_FLAG, SOC_FLAG, SALLOW_FLAG, LOG_LEVEL, RCD_STATE, APROV_TYPE, CUSTOM_RS_CODE) VALUES ('ea_DownloadStorFileListAction', '12', '下载入库清单', 7, 'com.wk.cd.build.ea.action.DownloadStorFileListAction', null, 2, 2, 2, 3, 1, 1, 1, null);
INSERT INTO SV_SRV (SRV_NAME, SUP_SRVG_CODE, SRV_BK_DESC, SRV_FUN_TYPE, SRV_CLASS_NAME, SRV_METHOD_NAME, CHECK_FLAG, AUTH_FLAG, SOC_FLAG, SALLOW_FLAG, LOG_LEVEL, RCD_STATE, APROV_TYPE, CUSTOM_RS_CODE) VALUES ('ea_EditBuildTaskAction', '12', '编辑环境构建任务', 7, 'com.wk.cd.build.ea.action.EditBuildTaskAction', '', 1, 1, 2, 3, 3, 1, 1, null);
INSERT INTO SV_SRV (SRV_NAME, SUP_SRVG_CODE, SRV_BK_DESC, SRV_FUN_TYPE, SRV_CLASS_NAME, SRV_METHOD_NAME, CHECK_FLAG, AUTH_FLAG, SOC_FLAG, SALLOW_FLAG, LOG_LEVEL, RCD_STATE, APROV_TYPE, CUSTOM_RS_CODE) VALUES ('ea_EditBuildTaskPhaseAction', '12', '编辑构建任务阶段信息', 7, 'com.wk.cd.build.ea.action.EditBuildTaskPhaseAction', null, 2, 2, 2, 3, 1, 1, 1, null);
INSERT INTO SV_SRV (SRV_NAME, SUP_SRVG_CODE, SRV_BK_DESC, SRV_FUN_TYPE, SRV_CLASS_NAME, SRV_METHOD_NAME, CHECK_FLAG, AUTH_FLAG, SOC_FLAG, SALLOW_FLAG, LOG_LEVEL, RCD_STATE, APROV_TYPE, CUSTOM_RS_CODE) VALUES ('ea_ExcuteStorageAction', '12', '执行入库', 7, 'com.wk.cd.build.ea.action.ExcuteStorageAction', '', 1, 1, 2, 3, 3, 1, 1, null);
INSERT INTO SV_SRV (SRV_NAME, SUP_SRVG_CODE, SRV_BK_DESC, SRV_FUN_TYPE, SRV_CLASS_NAME, SRV_METHOD_NAME, CHECK_FLAG, AUTH_FLAG, SOC_FLAG, SALLOW_FLAG, LOG_LEVEL, RCD_STATE, APROV_TYPE, CUSTOM_RS_CODE) VALUES ('ea_ExeBuildDeployAction', '12', '一键执行构建应用部署', 7, 'com.wk.cd.build.ea.action.ExeBuildDeployAction', '', 2, 2, 2, 3, 1, 1, 1, null);
INSERT INTO SV_SRV (SRV_NAME, SUP_SRVG_CODE, SRV_BK_DESC, SRV_FUN_TYPE, SRV_CLASS_NAME, SRV_METHOD_NAME, CHECK_FLAG, AUTH_FLAG, SOC_FLAG, SALLOW_FLAG, LOG_LEVEL, RCD_STATE, APROV_TYPE, CUSTOM_RS_CODE) VALUES ('ea_ExeBuildExeScriptAction', '12', '执行构建脚本服务', 7, 'com.wk.cd.build.ea.action.ExeBuildExeScriptAction', null, 1, 1, 2, 3, 3, 1, 1, null);
INSERT INTO SV_SRV (SRV_NAME, SUP_SRVG_CODE, SRV_BK_DESC, SRV_FUN_TYPE, SRV_CLASS_NAME, SRV_METHOD_NAME, CHECK_FLAG, AUTH_FLAG, SOC_FLAG, SALLOW_FLAG, LOG_LEVEL, RCD_STATE, APROV_TYPE, CUSTOM_RS_CODE) VALUES ('ea_ExeInteTaskAction', '12', '一键执行集成任务', 7, 'com.wk.cd.build.ea.action.ExeInteTaskAction', '', 1, 1, 2, 3, 3, 1, 1, null);
INSERT INTO SV_SRV (SRV_NAME, SUP_SRVG_CODE, SRV_BK_DESC, SRV_FUN_TYPE, SRV_CLASS_NAME, SRV_METHOD_NAME, CHECK_FLAG, AUTH_FLAG, SOC_FLAG, SALLOW_FLAG, LOG_LEVEL, RCD_STATE, APROV_TYPE, CUSTOM_RS_CODE) VALUES ('ea_ExePublishTaskAction', '12', '执行发布任务', 7, 'com.wk.cd.build.ea.action.ExePublishTaskAction', '', 1, 1, 2, 3, 3, 1, 1, null);
INSERT INTO SV_SRV (SRV_NAME, SUP_SRVG_CODE, SRV_BK_DESC, SRV_FUN_TYPE, SRV_CLASS_NAME, SRV_METHOD_NAME, CHECK_FLAG, AUTH_FLAG, SOC_FLAG, SALLOW_FLAG, LOG_LEVEL, RCD_STATE, APROV_TYPE, CUSTOM_RS_CODE) VALUES ('ea_ExeRemainInteTaskAction', '12', '一键执行余下步骤', 7, 'com.wk.cd.build.ea.action.ExeRemainInteTaskAction', '', 1, 1, 2, 3, 3, 1, 1, null);
INSERT INTO SV_SRV (SRV_NAME, SUP_SRVG_CODE, SRV_BK_DESC, SRV_FUN_TYPE, SRV_CLASS_NAME, SRV_METHOD_NAME, CHECK_FLAG, AUTH_FLAG, SOC_FLAG, SALLOW_FLAG, LOG_LEVEL, RCD_STATE, APROV_TYPE, CUSTOM_RS_CODE) VALUES ('ea_ExeRolPublishTaskAction', '12', '执行发布回退任务', 7, 'com.wk.cd.build.ea.action.ExeRolPublishTaskAction', '', 1, 1, 2, 3, 3, 1, 1, null);
INSERT INTO SV_SRV (SRV_NAME, SUP_SRVG_CODE, SRV_BK_DESC, SRV_FUN_TYPE, SRV_CLASS_NAME, SRV_METHOD_NAME, CHECK_FLAG, AUTH_FLAG, SOC_FLAG, SALLOW_FLAG, LOG_LEVEL, RCD_STATE, APROV_TYPE, CUSTOM_RS_CODE) VALUES ('ea_ExeStepBuildDeployAction', '12', '单步执行构建应用部署', 7, 'com.wk.cd.build.ea.action.ExeStepBuildDeployAction', '', 2, 2, 2, 3, 1, 1, 1, null);
INSERT INTO SV_SRV (SRV_NAME, SUP_SRVG_CODE, SRV_BK_DESC, SRV_FUN_TYPE, SRV_CLASS_NAME, SRV_METHOD_NAME, CHECK_FLAG, AUTH_FLAG, SOC_FLAG, SALLOW_FLAG, LOG_LEVEL, RCD_STATE, APROV_TYPE, CUSTOM_RS_CODE) VALUES ('ea_ExeStepInteTaskAction', '12', '按步执行集成任务', 7, 'com.wk.cd.build.ea.action.ExeStepInteTaskAction', '', 1, 1, 2, 3, 3, 1, 1, null);
INSERT INTO SV_SRV (SRV_NAME, SUP_SRVG_CODE, SRV_BK_DESC, SRV_FUN_TYPE, SRV_CLASS_NAME, SRV_METHOD_NAME, CHECK_FLAG, AUTH_FLAG, SOC_FLAG, SALLOW_FLAG, LOG_LEVEL, RCD_STATE, APROV_TYPE, CUSTOM_RS_CODE) VALUES ('ea_ExeStepPublishTaskAction', '12', '按步执行发布任务', 7, 'com.wk.cd.build.ea.action.ExeStepPublishTaskAction', '', 1, 1, 2, 3, 3, 1, 1, null);
INSERT INTO SV_SRV (SRV_NAME, SUP_SRVG_CODE, SRV_BK_DESC, SRV_FUN_TYPE, SRV_CLASS_NAME, SRV_METHOD_NAME, CHECK_FLAG, AUTH_FLAG, SOC_FLAG, SALLOW_FLAG, LOG_LEVEL, RCD_STATE, APROV_TYPE, CUSTOM_RS_CODE) VALUES ('ea_PageBuildTaskAction', '12', '根据环境查询构建任务列表', 7, 'com.wk.cd.build.ea.action.PageBuildTaskAction', '', 2, 2, 2, 3, 1, 1, 1, null);
INSERT INTO SV_SRV (SRV_NAME, SUP_SRVG_CODE, SRV_BK_DESC, SRV_FUN_TYPE, SRV_CLASS_NAME, SRV_METHOD_NAME, CHECK_FLAG, AUTH_FLAG, SOC_FLAG, SALLOW_FLAG, LOG_LEVEL, RCD_STATE, APROV_TYPE, CUSTOM_RS_CODE) VALUES ('ea_PageInteTaskAction', '12', '分页查询集成任务列表', 7, 'com.wk.cd.build.ea.action.PageInteTaskAction', null, 1, 1, 2, 3, 3, 1, 1, null);
INSERT INTO SV_SRV (SRV_NAME, SUP_SRVG_CODE, SRV_BK_DESC, SRV_FUN_TYPE, SRV_CLASS_NAME, SRV_METHOD_NAME, CHECK_FLAG, AUTH_FLAG, SOC_FLAG, SALLOW_FLAG, LOG_LEVEL, RCD_STATE, APROV_TYPE, CUSTOM_RS_CODE) VALUES ('ea_PagePublishTaskAction', '12', '分页查询发布任务', 7, 'com.wk.cd.build.ea.action.PagePublishTaskAction', '', 1, 1, 2, 3, 3, 1, 1, null);
INSERT INTO SV_SRV (SRV_NAME, SUP_SRVG_CODE, SRV_BK_DESC, SRV_FUN_TYPE, SRV_CLASS_NAME, SRV_METHOD_NAME, CHECK_FLAG, AUTH_FLAG, SOC_FLAG, SALLOW_FLAG, LOG_LEVEL, RCD_STATE, APROV_TYPE, CUSTOM_RS_CODE) VALUES ('ea_PageStorageTaskAction', '12', '根据环境查询入库任务列表', 7, 'com.wk.cd.build.ea.action.PageStorageTaskAction', null, 2, 2, 2, 3, 1, 1, 1, null);
INSERT INTO SV_SRV (SRV_NAME, SUP_SRVG_CODE, SRV_BK_DESC, SRV_FUN_TYPE, SRV_CLASS_NAME, SRV_METHOD_NAME, CHECK_FLAG, AUTH_FLAG, SOC_FLAG, SALLOW_FLAG, LOG_LEVEL, RCD_STATE, APROV_TYPE, CUSTOM_RS_CODE) VALUES ('ea_PageTaskForAppAction', '12', '分页查询环境任务列表（App端）', 7, 'com.wk.cd.build.ea.action.PageTaskForAppAction', null, 1, 1, 2, 3, 3, 1, 1, null);
INSERT INTO SV_SRV (SRV_NAME, SUP_SRVG_CODE, SRV_BK_DESC, SRV_FUN_TYPE, SRV_CLASS_NAME, SRV_METHOD_NAME, CHECK_FLAG, AUTH_FLAG, SOC_FLAG, SALLOW_FLAG, LOG_LEVEL, RCD_STATE, APROV_TYPE, CUSTOM_RS_CODE) VALUES ('ea_PublishEnvProgAction', '12', '发布单个环境方案', 7, 'com.wk.cd.build.ea.action.PublishEnvProgAction', '', 1, 1, 2, 3, 3, 1, 1, null);
INSERT INTO SV_SRV (SRV_NAME, SUP_SRVG_CODE, SRV_BK_DESC, SRV_FUN_TYPE, SRV_CLASS_NAME, SRV_METHOD_NAME, CHECK_FLAG, AUTH_FLAG, SOC_FLAG, SALLOW_FLAG, LOG_LEVEL, RCD_STATE, APROV_TYPE, CUSTOM_RS_CODE) VALUES ('ea_QueryEnvProgAction', '12', '环境关联方案列表', 7, 'com.wk.cd.build.ea.action.QueryEnvProgAction', '', 1, 1, 2, 3, 3, 1, 1, null);
INSERT INTO SV_SRV (SRV_NAME, SUP_SRVG_CODE, SRV_BK_DESC, SRV_FUN_TYPE, SRV_CLASS_NAME, SRV_METHOD_NAME, CHECK_FLAG, AUTH_FLAG, SOC_FLAG, SALLOW_FLAG, LOG_LEVEL, RCD_STATE, APROV_TYPE, CUSTOM_RS_CODE) VALUES ('ea_ReadEnvConfigFileAction', '12', '读取配置文件服务', 7, 'com.wk.cd.build.ea.action.ReadEnvConfigFileAction', null, 1, 1, 2, 3, 3, 1, 1, null);
INSERT INTO SV_SRV (SRV_NAME, SUP_SRVG_CODE, SRV_BK_DESC, SRV_FUN_TYPE, SRV_CLASS_NAME, SRV_METHOD_NAME, CHECK_FLAG, AUTH_FLAG, SOC_FLAG, SALLOW_FLAG, LOG_LEVEL, RCD_STATE, APROV_TYPE, CUSTOM_RS_CODE) VALUES ('ea_SaveAppDeployAction', '12', '保存应用部署信息', 7, 'com.wk.cd.build.ea.action.SaveAppDeployAction', '', 2, 2, 2, 3, 1, 1, 1, null);
INSERT INTO SV_SRV (SRV_NAME, SUP_SRVG_CODE, SRV_BK_DESC, SRV_FUN_TYPE, SRV_CLASS_NAME, SRV_METHOD_NAME, CHECK_FLAG, AUTH_FLAG, SOC_FLAG, SALLOW_FLAG, LOG_LEVEL, RCD_STATE, APROV_TYPE, CUSTOM_RS_CODE) VALUES ('ea_TargetStorageAction', '12', '目标入库', 7, 'com.wk.cd.build.ea.action.TargetStorageAction', null, 1, 1, 2, 3, 3, 1, 1, null);
INSERT INTO SV_SRV (SRV_NAME, SUP_SRVG_CODE, SRV_BK_DESC, SRV_FUN_TYPE, SRV_CLASS_NAME, SRV_METHOD_NAME, CHECK_FLAG, AUTH_FLAG, SOC_FLAG, SALLOW_FLAG, LOG_LEVEL, RCD_STATE, APROV_TYPE, CUSTOM_RS_CODE) VALUES ('ea_UpdateBuildConfigAction', '12', '修改构建配置文件服务', 7, 'com.wk.cd.build.ea.action.UpdateBuildConfigAction', null, 1, 1, 2, 3, 3, 1, 1, null);
INSERT INTO SV_SRV (SRV_NAME, SUP_SRVG_CODE, SRV_BK_DESC, SRV_FUN_TYPE, SRV_CLASS_NAME, SRV_METHOD_NAME, CHECK_FLAG, AUTH_FLAG, SOC_FLAG, SALLOW_FLAG, LOG_LEVEL, RCD_STATE, APROV_TYPE, CUSTOM_RS_CODE) VALUES ('ea_UpdateEnvProgBasicAction', '12', '修改环境方案基本信息', 7, 'com.wk.cd.build.ea.action.UpdateEnvProgBasicAction', null, 1, 1, 2, 3, 3, 1, 1, null);
INSERT INTO SV_SRV (SRV_NAME, SUP_SRVG_CODE, SRV_BK_DESC, SRV_FUN_TYPE, SRV_CLASS_NAME, SRV_METHOD_NAME, CHECK_FLAG, AUTH_FLAG, SOC_FLAG, SALLOW_FLAG, LOG_LEVEL, RCD_STATE, APROV_TYPE, CUSTOM_RS_CODE) VALUES ('ea_UpdateInteProgStepAction', '12', '修改单个集成方案步骤', 7, 'com.wk.cd.build.ea.action.UpdateInteProgStepAction', null, 1, 1, 2, 3, 3, 1, 1, null);
INSERT INTO SV_SRV (SRV_NAME, SUP_SRVG_CODE, SRV_BK_DESC, SRV_FUN_TYPE, SRV_CLASS_NAME, SRV_METHOD_NAME, CHECK_FLAG, AUTH_FLAG, SOC_FLAG, SALLOW_FLAG, LOG_LEVEL, RCD_STATE, APROV_TYPE, CUSTOM_RS_CODE) VALUES ('ea_UpdatePublishProgDetailAction', '12', '修改发布方案详细信息', 7, 'com.wk.cd.build.ea.action.UpdatePublishProgDetailAction', null, 1, 1, 2, 3, 3, 1, 1, null);
INSERT INTO SV_SRV (SRV_NAME, SUP_SRVG_CODE, SRV_BK_DESC, SRV_FUN_TYPE, SRV_CLASS_NAME, SRV_METHOD_NAME, CHECK_FLAG, AUTH_FLAG, SOC_FLAG, SALLOW_FLAG, LOG_LEVEL, RCD_STATE, APROV_TYPE, CUSTOM_RS_CODE) VALUES ('ea_ViewBuildTaskActiongenerateBuildLog', '12', '生成构建日志', 7, 'com.wk.cd.build.ea.action.ViewBuildTaskAction', 'generateBuildLog', 2, 2, 2, 3, 1, 1, 1, null);
INSERT INTO SV_SRV (SRV_NAME, SUP_SRVG_CODE, SRV_BK_DESC, SRV_FUN_TYPE, SRV_CLASS_NAME, SRV_METHOD_NAME, CHECK_FLAG, AUTH_FLAG, SOC_FLAG, SALLOW_FLAG, LOG_LEVEL, RCD_STATE, APROV_TYPE, CUSTOM_RS_CODE) VALUES ('ea_ViewBuildTaskActiongetBuildDeployInfo', '12', '查看环境构建部署信息', 7, 'com.wk.cd.build.ea.action.ViewBuildTaskAction', 'getBuildDeployInfo', 2, 2, 2, 3, 1, 1, 1, null);
INSERT INTO SV_SRV (SRV_NAME, SUP_SRVG_CODE, SRV_BK_DESC, SRV_FUN_TYPE, SRV_CLASS_NAME, SRV_METHOD_NAME, CHECK_FLAG, AUTH_FLAG, SOC_FLAG, SALLOW_FLAG, LOG_LEVEL, RCD_STATE, APROV_TYPE, CUSTOM_RS_CODE) VALUES ('ea_ViewBuildTaskActiongetBuildInfo', '12', '查看环境构建任务', 7, 'com.wk.cd.build.ea.action.ViewBuildTaskAction', 'getBuildInfo', 2, 2, 2, 3, 1, 1, 1, null);
INSERT INTO SV_SRV (SRV_NAME, SUP_SRVG_CODE, SRV_BK_DESC, SRV_FUN_TYPE, SRV_CLASS_NAME, SRV_METHOD_NAME, CHECK_FLAG, AUTH_FLAG, SOC_FLAG, SALLOW_FLAG, LOG_LEVEL, RCD_STATE, APROV_TYPE, CUSTOM_RS_CODE) VALUES ('ea_ViewBuildTaskActiongetBuildListAndPac', '12', '获取构建清单及投产包', 7, 'com.wk.cd.build.ea.action.ViewBuildTaskAction', 'getBuildListAndPac', 2, 2, 2, 3, 1, 1, 1, null);
INSERT INTO SV_SRV (SRV_NAME, SUP_SRVG_CODE, SRV_BK_DESC, SRV_FUN_TYPE, SRV_CLASS_NAME, SRV_METHOD_NAME, CHECK_FLAG, AUTH_FLAG, SOC_FLAG, SALLOW_FLAG, LOG_LEVEL, RCD_STATE, APROV_TYPE, CUSTOM_RS_CODE) VALUES ('ea_ViewBuildTaskActiongetBuildScriptMsg', '12', '查看构建信息', 7, 'com.wk.cd.build.ea.action.ViewBuildTaskAction', 'getBuildScriptMsg', 2, 2, 2, 3, 1, 1, 1, null);
INSERT INTO SV_SRV (SRV_NAME, SUP_SRVG_CODE, SRV_BK_DESC, SRV_FUN_TYPE, SRV_CLASS_NAME, SRV_METHOD_NAME, CHECK_FLAG, AUTH_FLAG, SOC_FLAG, SALLOW_FLAG, LOG_LEVEL, RCD_STATE, APROV_TYPE, CUSTOM_RS_CODE) VALUES ('ea_ViewBuildTaskActiongetCfgNameList', '12', '根据环境名称查看应用系统配置文件列表', 7, 'com.wk.cd.build.ea.action.ViewBuildTaskAction', 'getCfgNameList', 2, 2, 2, 3, 1, 1, 1, null);
INSERT INTO SV_SRV (SRV_NAME, SUP_SRVG_CODE, SRV_BK_DESC, SRV_FUN_TYPE, SRV_CLASS_NAME, SRV_METHOD_NAME, CHECK_FLAG, AUTH_FLAG, SOC_FLAG, SALLOW_FLAG, LOG_LEVEL, RCD_STATE, APROV_TYPE, CUSTOM_RS_CODE) VALUES ('ea_ViewBuildTaskActiongetConfigModList', '12', '查看配置文件改动列表', 7, 'com.wk.cd.build.ea.action.ViewBuildTaskAction', 'getConfigModList', 2, 2, 2, 3, 1, 1, 1, null);
INSERT INTO SV_SRV (SRV_NAME, SUP_SRVG_CODE, SRV_BK_DESC, SRV_FUN_TYPE, SRV_CLASS_NAME, SRV_METHOD_NAME, CHECK_FLAG, AUTH_FLAG, SOC_FLAG, SALLOW_FLAG, LOG_LEVEL, RCD_STATE, APROV_TYPE, CUSTOM_RS_CODE) VALUES ('ea_ViewBuildTaskActiongetConfigPendList', '12', '查看待修改配置文件', 7, 'com.wk.cd.build.ea.action.ViewBuildTaskAction', 'getConfigPendList', 2, 2, 2, 3, 1, 1, 1, null);
INSERT INTO SV_SRV (SRV_NAME, SUP_SRVG_CODE, SRV_BK_DESC, SRV_FUN_TYPE, SRV_CLASS_NAME, SRV_METHOD_NAME, CHECK_FLAG, AUTH_FLAG, SOC_FLAG, SALLOW_FLAG, LOG_LEVEL, RCD_STATE, APROV_TYPE, CUSTOM_RS_CODE) VALUES ('ea_ViewBuildTaskActiongotoNextStep', '12', '跳转下一步骤', 7, 'com.wk.cd.build.ea.action.ViewBuildTaskAction', 'gotoNextStep', 2, 2, 2, 3, 1, 1, 1, null);
INSERT INTO SV_SRV (SRV_NAME, SUP_SRVG_CODE, SRV_BK_DESC, SRV_FUN_TYPE, SRV_CLASS_NAME, SRV_METHOD_NAME, CHECK_FLAG, AUTH_FLAG, SOC_FLAG, SALLOW_FLAG, LOG_LEVEL, RCD_STATE, APROV_TYPE, CUSTOM_RS_CODE) VALUES ('ea_ViewBuildTaskActionmonitorBuildDeploy', '12', '监控构建应用部署执行进度', 7, 'com.wk.cd.build.ea.action.ViewBuildTaskAction', 'monitorBuildDeploy', 2, 2, 2, 3, 1, 1, 1, null);
INSERT INTO SV_SRV (SRV_NAME, SUP_SRVG_CODE, SRV_BK_DESC, SRV_FUN_TYPE, SRV_CLASS_NAME, SRV_METHOD_NAME, CHECK_FLAG, AUTH_FLAG, SOC_FLAG, SALLOW_FLAG, LOG_LEVEL, RCD_STATE, APROV_TYPE, CUSTOM_RS_CODE) VALUES ('ea_ViewBuildTaskActionmonitorBuildScript', '12', '监控构建脚本执行进度', 7, 'com.wk.cd.build.ea.action.ViewBuildTaskAction', 'monitorBuildScript', 2, 2, 2, 3, 1, 1, 1, null);
INSERT INTO SV_SRV (SRV_NAME, SUP_SRVG_CODE, SRV_BK_DESC, SRV_FUN_TYPE, SRV_CLASS_NAME, SRV_METHOD_NAME, CHECK_FLAG, AUTH_FLAG, SOC_FLAG, SALLOW_FLAG, LOG_LEVEL, RCD_STATE, APROV_TYPE, CUSTOM_RS_CODE) VALUES ('ea_ViewBuildTaskActionqueryBuildListAndPacInfo', '12', '查看构建清单及投产包信息', 7, 'com.wk.cd.build.ea.action.ViewBuildTaskAction', 'queryBuildListAndPacInfo', 2, 2, 2, 3, 1, 1, 1, null);
INSERT INTO SV_SRV (SRV_NAME, SUP_SRVG_CODE, SRV_BK_DESC, SRV_FUN_TYPE, SRV_CLASS_NAME, SRV_METHOD_NAME, CHECK_FLAG, AUTH_FLAG, SOC_FLAG, SALLOW_FLAG, LOG_LEVEL, RCD_STATE, APROV_TYPE, CUSTOM_RS_CODE) VALUES ('ea_ViewBuildTaskActionqueryBuildScriptMsg', '12', '查看构建脚本信息', 7, 'com.wk.cd.build.ea.action.ViewBuildTaskAction', 'queryBuildScriptMsg', 2, 2, 2, 3, 1, 1, 1, null);
INSERT INTO SV_SRV (SRV_NAME, SUP_SRVG_CODE, SRV_BK_DESC, SRV_FUN_TYPE, SRV_CLASS_NAME, SRV_METHOD_NAME, CHECK_FLAG, AUTH_FLAG, SOC_FLAG, SALLOW_FLAG, LOG_LEVEL, RCD_STATE, APROV_TYPE, CUSTOM_RS_CODE) VALUES ('ea_ViewConfigModActiongetNewBatch', '12', '生成新批次号', 7, 'com.wk.cd.build.ea.action.ViewConfigModAction', 'getNewBatch', 2, 2, 2, 3, 1, 1, 1, null);
INSERT INTO SV_SRV (SRV_NAME, SUP_SRVG_CODE, SRV_BK_DESC, SRV_FUN_TYPE, SRV_CLASS_NAME, SRV_METHOD_NAME, CHECK_FLAG, AUTH_FLAG, SOC_FLAG, SALLOW_FLAG, LOG_LEVEL, RCD_STATE, APROV_TYPE, CUSTOM_RS_CODE) VALUES ('ea_ViewConfigModActiongetServerConfigSocName', '12', '获取配置数据源名', 7, 'com.wk.cd.build.ea.action.ViewConfigModAction', 'getServerConfigSocName', 2, 2, 2, 3, 1, 1, 1, null);
INSERT INTO SV_SRV (SRV_NAME, SUP_SRVG_CODE, SRV_BK_DESC, SRV_FUN_TYPE, SRV_CLASS_NAME, SRV_METHOD_NAME, CHECK_FLAG, AUTH_FLAG, SOC_FLAG, SALLOW_FLAG, LOG_LEVEL, RCD_STATE, APROV_TYPE, CUSTOM_RS_CODE) VALUES ('ea_ViewConfigModActionqueryAllServer', '12', '查询环境下所有服务器中的服务器', 7, 'com.wk.cd.build.ea.action.ViewConfigModAction', 'queryAllServer', 2, 2, 2, 3, 1, 1, 1, null);
INSERT INTO SV_SRV (SRV_NAME, SUP_SRVG_CODE, SRV_BK_DESC, SRV_FUN_TYPE, SRV_CLASS_NAME, SRV_METHOD_NAME, CHECK_FLAG, AUTH_FLAG, SOC_FLAG, SALLOW_FLAG, LOG_LEVEL, RCD_STATE, APROV_TYPE, CUSTOM_RS_CODE) VALUES ('ea_ViewConfigModActionqueryModList', '12', '查看批次内修改、删除文件列表', 7, 'com.wk.cd.build.ea.action.ViewConfigModAction', 'queryModList', 2, 2, 2, 3, 1, 1, 1, null);
INSERT INTO SV_SRV (SRV_NAME, SUP_SRVG_CODE, SRV_BK_DESC, SRV_FUN_TYPE, SRV_CLASS_NAME, SRV_METHOD_NAME, CHECK_FLAG, AUTH_FLAG, SOC_FLAG, SALLOW_FLAG, LOG_LEVEL, RCD_STATE, APROV_TYPE, CUSTOM_RS_CODE) VALUES ('ea_ViewConfigModActionqueryTomcatServer', '12', '查询服务器中有tomcat的配置数据源', 7, 'com.wk.cd.build.ea.action.ViewConfigModAction', 'queryTomcatServer', 2, 2, 2, 3, 1, 1, 1, null);
INSERT INTO SV_SRV (SRV_NAME, SUP_SRVG_CODE, SRV_BK_DESC, SRV_FUN_TYPE, SRV_CLASS_NAME, SRV_METHOD_NAME, CHECK_FLAG, AUTH_FLAG, SOC_FLAG, SALLOW_FLAG, LOG_LEVEL, RCD_STATE, APROV_TYPE, CUSTOM_RS_CODE) VALUES ('ea_ViewConfigModActionshowDirectory', '12', '查看文件列表', 7, 'com.wk.cd.build.ea.action.ViewConfigModAction', 'showDirectory', 2, 2, 2, 3, 1, 1, 1, null);
INSERT INTO SV_SRV (SRV_NAME, SUP_SRVG_CODE, SRV_BK_DESC, SRV_FUN_TYPE, SRV_CLASS_NAME, SRV_METHOD_NAME, CHECK_FLAG, AUTH_FLAG, SOC_FLAG, SALLOW_FLAG, LOG_LEVEL, RCD_STATE, APROV_TYPE, CUSTOM_RS_CODE) VALUES ('ea_ViewInteActiongetListAndPac', '12', '查看集成投产包及清单', 7, 'com.wk.cd.build.ea.action.ViewInteAction', 'getListAndPac', 2, 2, 2, 3, 1, 1, 1, null);
INSERT INTO SV_SRV (SRV_NAME, SUP_SRVG_CODE, SRV_BK_DESC, SRV_FUN_TYPE, SRV_CLASS_NAME, SRV_METHOD_NAME, CHECK_FLAG, AUTH_FLAG, SOC_FLAG, SALLOW_FLAG, LOG_LEVEL, RCD_STATE, APROV_TYPE, CUSTOM_RS_CODE) VALUES ('ea_ViewInteActiongetTargetPackage', '12', '下载目标包', 7, 'com.wk.cd.build.ea.action.ViewInteAction', 'getTargetPackage', 2, 2, 2, 3, 1, 1, 1, null);
INSERT INTO SV_SRV (SRV_NAME, SUP_SRVG_CODE, SRV_BK_DESC, SRV_FUN_TYPE, SRV_CLASS_NAME, SRV_METHOD_NAME, CHECK_FLAG, AUTH_FLAG, SOC_FLAG, SALLOW_FLAG, LOG_LEVEL, RCD_STATE, APROV_TYPE, CUSTOM_RS_CODE) VALUES ('ea_ViewInteActionmonitorInte', '12', '监控集成任务', 7, 'com.wk.cd.build.ea.action.ViewInteAction', 'monitorInte', 2, 2, 2, 3, 1, 1, 1, null);
INSERT INTO SV_SRV (SRV_NAME, SUP_SRVG_CODE, SRV_BK_DESC, SRV_FUN_TYPE, SRV_CLASS_NAME, SRV_METHOD_NAME, CHECK_FLAG, AUTH_FLAG, SOC_FLAG, SALLOW_FLAG, LOG_LEVEL, RCD_STATE, APROV_TYPE, CUSTOM_RS_CODE) VALUES ('ea_ViewInteActionqueryDownFileList', '12', '集成下载文件服务', 7, 'com.wk.cd.build.ea.action.ViewInteAction', 'queryDownFileList', 2, 2, 2, 3, 1, 1, 1, null);
INSERT INTO SV_SRV (SRV_NAME, SUP_SRVG_CODE, SRV_BK_DESC, SRV_FUN_TYPE, SRV_CLASS_NAME, SRV_METHOD_NAME, CHECK_FLAG, AUTH_FLAG, SOC_FLAG, SALLOW_FLAG, LOG_LEVEL, RCD_STATE, APROV_TYPE, CUSTOM_RS_CODE) VALUES ('ea_ViewInteActionqueryInteDetail', '12', '查询集成任务', 7, 'com.wk.cd.build.ea.action.ViewInteAction', 'queryInteDetail', 2, 2, 2, 3, 1, 1, 1, null);
INSERT INTO SV_SRV (SRV_NAME, SUP_SRVG_CODE, SRV_BK_DESC, SRV_FUN_TYPE, SRV_CLASS_NAME, SRV_METHOD_NAME, CHECK_FLAG, AUTH_FLAG, SOC_FLAG, SALLOW_FLAG, LOG_LEVEL, RCD_STATE, APROV_TYPE, CUSTOM_RS_CODE) VALUES ('ea_ViewInteActionqueryVersionList', '12', '获取版本号列表', 7, 'com.wk.cd.build.ea.action.ViewInteAction', 'queryVersionList', 2, 2, 2, 3, 1, 1, 1, null);
INSERT INTO SV_SRV (SRV_NAME, SUP_SRVG_CODE, SRV_BK_DESC, SRV_FUN_TYPE, SRV_CLASS_NAME, SRV_METHOD_NAME, CHECK_FLAG, AUTH_FLAG, SOC_FLAG, SALLOW_FLAG, LOG_LEVEL, RCD_STATE, APROV_TYPE, CUSTOM_RS_CODE) VALUES ('ea_ViewProgActiongetStageFromTemplate', '12', '根据发布/回退模板获得阶段列表和参数列表信息', 7, 'com.wk.cd.build.ea.action.ViewProgAction', 'getStageFromTemplate', 2, 2, 2, 3, 1, 1, 1, null);
INSERT INTO SV_SRV (SRV_NAME, SUP_SRVG_CODE, SRV_BK_DESC, SRV_FUN_TYPE, SRV_CLASS_NAME, SRV_METHOD_NAME, CHECK_FLAG, AUTH_FLAG, SOC_FLAG, SALLOW_FLAG, LOG_LEVEL, RCD_STATE, APROV_TYPE, CUSTOM_RS_CODE) VALUES ('ea_ViewProgActiongetTemplateByType', '12', '根据环境名和模板类型查看模板名列表', 7, 'com.wk.cd.build.ea.action.ViewProgAction', 'getTemplateByType', 2, 2, 2, 3, 1, 1, 1, null);
INSERT INTO SV_SRV (SRV_NAME, SUP_SRVG_CODE, SRV_BK_DESC, SRV_FUN_TYPE, SRV_CLASS_NAME, SRV_METHOD_NAME, CHECK_FLAG, AUTH_FLAG, SOC_FLAG, SALLOW_FLAG, LOG_LEVEL, RCD_STATE, APROV_TYPE, CUSTOM_RS_CODE) VALUES ('ea_ViewProgActionqueryEnvProgInfo', '12', '分页查询服务器', 7, 'com.wk.cd.build.ea.action.ViewProgAction', 'queryEnvProgInfo', 2, 2, 2, 3, 1, 1, 1, null);
INSERT INTO SV_SRV (SRV_NAME, SUP_SRVG_CODE, SRV_BK_DESC, SRV_FUN_TYPE, SRV_CLASS_NAME, SRV_METHOD_NAME, CHECK_FLAG, AUTH_FLAG, SOC_FLAG, SALLOW_FLAG, LOG_LEVEL, RCD_STATE, APROV_TYPE, CUSTOM_RS_CODE) VALUES ('ea_ViewProgActionqueryInteProgStep', '12', '查询单个集成方案步骤', 7, 'com.wk.cd.build.ea.action.ViewProgAction', 'queryInteProgStep', 2, 2, 2, 3, 1, 1, 1, null);
INSERT INTO SV_SRV (SRV_NAME, SUP_SRVG_CODE, SRV_BK_DESC, SRV_FUN_TYPE, SRV_CLASS_NAME, SRV_METHOD_NAME, CHECK_FLAG, AUTH_FLAG, SOC_FLAG, SALLOW_FLAG, LOG_LEVEL, RCD_STATE, APROV_TYPE, CUSTOM_RS_CODE) VALUES ('ea_ViewProgActionqueryPubProgByType', '12', '根据类型查询所有已发布的方案列表', 7, 'com.wk.cd.build.ea.action.ViewProgAction', 'queryPubProgByType', 2, 2, 2, 3, 1, 1, 1, null);
INSERT INTO SV_SRV (SRV_NAME, SUP_SRVG_CODE, SRV_BK_DESC, SRV_FUN_TYPE, SRV_CLASS_NAME, SRV_METHOD_NAME, CHECK_FLAG, AUTH_FLAG, SOC_FLAG, SALLOW_FLAG, LOG_LEVEL, RCD_STATE, APROV_TYPE, CUSTOM_RS_CODE) VALUES ('ea_ViewPublishActiongetPublishListAndPac', '12', '获取发布清单及投产包', 7, 'com.wk.cd.build.ea.action.ViewPublishAction', 'getPublishListAndPac', 2, 2, 2, 3, 1, 1, 1, null);
INSERT INTO SV_SRV (SRV_NAME, SUP_SRVG_CODE, SRV_BK_DESC, SRV_FUN_TYPE, SRV_CLASS_NAME, SRV_METHOD_NAME, CHECK_FLAG, AUTH_FLAG, SOC_FLAG, SALLOW_FLAG, LOG_LEVEL, RCD_STATE, APROV_TYPE, CUSTOM_RS_CODE) VALUES ('ea_ViewPublishActionmonitorExePublish', '12', '监控发布执行', 7, 'com.wk.cd.build.ea.action.ViewPublishAction', 'monitorExePublish', 2, 2, 2, 3, 1, 1, 1, null);
INSERT INTO SV_SRV (SRV_NAME, SUP_SRVG_CODE, SRV_BK_DESC, SRV_FUN_TYPE, SRV_CLASS_NAME, SRV_METHOD_NAME, CHECK_FLAG, AUTH_FLAG, SOC_FLAG, SALLOW_FLAG, LOG_LEVEL, RCD_STATE, APROV_TYPE, CUSTOM_RS_CODE) VALUES ('ea_ViewPublishActionmonitorExePublishForApp', '12', '监控发布执行(APP)', 7, 'com.wk.cd.build.ea.action.ViewPublishAction', 'monitorExePublishForApp', 2, 2, 2, 3, 1, 1, 1, null);
INSERT INTO SV_SRV (SRV_NAME, SUP_SRVG_CODE, SRV_BK_DESC, SRV_FUN_TYPE, SRV_CLASS_NAME, SRV_METHOD_NAME, CHECK_FLAG, AUTH_FLAG, SOC_FLAG, SALLOW_FLAG, LOG_LEVEL, RCD_STATE, APROV_TYPE, CUSTOM_RS_CODE) VALUES ('ea_ViewPublishActionqueryPubDetail', '12', '查询发布任务', 7, 'com.wk.cd.build.ea.action.ViewPublishAction', 'queryPubDetail', 2, 2, 2, 3, 1, 1, 1, null);
INSERT INTO SV_SRV (SRV_NAME, SUP_SRVG_CODE, SRV_BK_DESC, SRV_FUN_TYPE, SRV_CLASS_NAME, SRV_METHOD_NAME, CHECK_FLAG, AUTH_FLAG, SOC_FLAG, SALLOW_FLAG, LOG_LEVEL, RCD_STATE, APROV_TYPE, CUSTOM_RS_CODE) VALUES ('ea_ViewStorageActioncheckStorPath', '12', '校验打包根路径是否存在', 7, 'com.wk.cd.build.ea.action.ViewStorageAction', 'checkStorPath', 2, 2, 2, 3, 1, 1, 1, null);
INSERT INTO SV_SRV (SRV_NAME, SUP_SRVG_CODE, SRV_BK_DESC, SRV_FUN_TYPE, SRV_CLASS_NAME, SRV_METHOD_NAME, CHECK_FLAG, AUTH_FLAG, SOC_FLAG, SALLOW_FLAG, LOG_LEVEL, RCD_STATE, APROV_TYPE, CUSTOM_RS_CODE) VALUES ('ea_ViewStorageActionmonitorStor', '12', '入库监控', 7, 'com.wk.cd.build.ea.action.ViewStorageAction', 'monitorStor', 2, 2, 2, 3, 1, 1, 1, null);
INSERT INTO SV_SRV (SRV_NAME, SUP_SRVG_CODE, SRV_BK_DESC, SRV_FUN_TYPE, SRV_CLASS_NAME, SRV_METHOD_NAME, CHECK_FLAG, AUTH_FLAG, SOC_FLAG, SALLOW_FLAG, LOG_LEVEL, RCD_STATE, APROV_TYPE, CUSTOM_RS_CODE) VALUES ('ea_ViewStorageActionqueryDownFileList', '12', '查询入库下载文件列表', 7, 'com.wk.cd.build.ea.action.ViewStorageAction', 'queryDownFileList', 2, 2, 2, 3, 1, 1, 1, null);
INSERT INTO SV_SRV (SRV_NAME, SUP_SRVG_CODE, SRV_BK_DESC, SRV_FUN_TYPE, SRV_CLASS_NAME, SRV_METHOD_NAME, CHECK_FLAG, AUTH_FLAG, SOC_FLAG, SALLOW_FLAG, LOG_LEVEL, RCD_STATE, APROV_TYPE, CUSTOM_RS_CODE) VALUES ('ea_ViewStorageActionqueryStorageDetail', '12', '查看入库明细', 7, 'com.wk.cd.build.ea.action.ViewStorageAction', 'queryStorageDetail', 2, 2, 2, 3, 1, 1, 1, null);
INSERT INTO SV_SRV (SRV_NAME, SUP_SRVG_CODE, SRV_BK_DESC, SRV_FUN_TYPE, SRV_CLASS_NAME, SRV_METHOD_NAME, CHECK_FLAG, AUTH_FLAG, SOC_FLAG, SALLOW_FLAG, LOG_LEVEL, RCD_STATE, APROV_TYPE, CUSTOM_RS_CODE) VALUES ('ea_ViewTaskStorageActionqueryTaskByProName', '12', '查询环境任务和入库表的记录根据项目名', 7, 'com.wk.cd.build.ea.action.ViewTaskStorageAction', 'queryTaskByProName', 2, 2, 2, 3, 1, 1, 1, null);
INSERT INTO SV_SRV (SRV_NAME, SUP_SRVG_CODE, SRV_BK_DESC, SRV_FUN_TYPE, SRV_CLASS_NAME, SRV_METHOD_NAME, CHECK_FLAG, AUTH_FLAG, SOC_FLAG, SALLOW_FLAG, LOG_LEVEL, RCD_STATE, APROV_TYPE, CUSTOM_RS_CODE) VALUES ('ea_ViewTaskStorageActionqueryTaskStorage', '12', '查询环境任务和入库表的记录', 7, 'com.wk.cd.build.ea.action.ViewTaskStorageAction', 'queryTaskStorage', 2, 2, 2, 3, 1, 1, 1, null);
INSERT INTO SV_SRV (SRV_NAME, SUP_SRVG_CODE, SRV_BK_DESC, SRV_FUN_TYPE, SRV_CLASS_NAME, SRV_METHOD_NAME, CHECK_FLAG, AUTH_FLAG, SOC_FLAG, SALLOW_FLAG, LOG_LEVEL, RCD_STATE, APROV_TYPE, CUSTOM_RS_CODE) VALUES ('ea_WriteEnvConfigFileAction', '12', '修改配置文件服务', 7, 'com.wk.cd.build.ea.action.WriteEnvConfigFileAction', null, 1, 1, 2, 3, 3, 1, 1, null);
INSERT INTO SV_SRV (SRV_NAME, SUP_SRVG_CODE, SRV_BK_DESC, SRV_FUN_TYPE, SRV_CLASS_NAME, SRV_METHOD_NAME, CHECK_FLAG, AUTH_FLAG, SOC_FLAG, SALLOW_FLAG, LOG_LEVEL, RCD_STATE, APROV_TYPE, CUSTOM_RS_CODE) VALUES ('en_AddEnvironmentAction', '12', '新增环境', 7, 'com.wk.cd.build.en.action.AddEnvironmentAction', null, 1, 1, 2, 3, 3, 1, 1, null);
INSERT INTO SV_SRV (SRV_NAME, SUP_SRVG_CODE, SRV_BK_DESC, SRV_FUN_TYPE, SRV_CLASS_NAME, SRV_METHOD_NAME, CHECK_FLAG, AUTH_FLAG, SOC_FLAG, SALLOW_FLAG, LOG_LEVEL, RCD_STATE, APROV_TYPE, CUSTOM_RS_CODE) VALUES ('en_AddProjectAction', '12', '新增项目', 7, 'com.wk.cd.build.en.action.AddProjectAction', null, 1, 1, 2, 3, 3, 1, 1, null);
INSERT INTO SV_SRV (SRV_NAME, SUP_SRVG_CODE, SRV_BK_DESC, SRV_FUN_TYPE, SRV_CLASS_NAME, SRV_METHOD_NAME, CHECK_FLAG, AUTH_FLAG, SOC_FLAG, SALLOW_FLAG, LOG_LEVEL, RCD_STATE, APROV_TYPE, CUSTOM_RS_CODE) VALUES ('en_AddServerAction', '12', '新增服务器', 7, 'com.wk.cd.build.en.action.AddServerAction', null, 2, 2, 2, 3, 1, 1, 1, null);
INSERT INTO SV_SRV (SRV_NAME, SUP_SRVG_CODE, SRV_BK_DESC, SRV_FUN_TYPE, SRV_CLASS_NAME, SRV_METHOD_NAME, CHECK_FLAG, AUTH_FLAG, SOC_FLAG, SALLOW_FLAG, LOG_LEVEL, RCD_STATE, APROV_TYPE, CUSTOM_RS_CODE) VALUES ('en_AddSystemAction', '12', '新增应用系统', 7, 'com.wk.cd.build.en.action.AddSystemAction', null, 1, 1, 2, 3, 3, 1, 1, null);
INSERT INTO SV_SRV (SRV_NAME, SUP_SRVG_CODE, SRV_BK_DESC, SRV_FUN_TYPE, SRV_CLASS_NAME, SRV_METHOD_NAME, CHECK_FLAG, AUTH_FLAG, SOC_FLAG, SALLOW_FLAG, LOG_LEVEL, RCD_STATE, APROV_TYPE, CUSTOM_RS_CODE) VALUES ('en_DeleteEnvironmentAction', '12', '删除环境', 7, 'com.wk.cd.build.en.action.DeleteEnvironmentAction', null, 1, 1, 2, 3, 3, 1, 1, null);
INSERT INTO SV_SRV (SRV_NAME, SUP_SRVG_CODE, SRV_BK_DESC, SRV_FUN_TYPE, SRV_CLASS_NAME, SRV_METHOD_NAME, CHECK_FLAG, AUTH_FLAG, SOC_FLAG, SALLOW_FLAG, LOG_LEVEL, RCD_STATE, APROV_TYPE, CUSTOM_RS_CODE) VALUES ('en_DeleteProjectAction', '12', '删除项目', 7, 'com.wk.cd.build.en.action.DeleteProjectAction', null, 1, 1, 2, 3, 3, 1, 1, null);
INSERT INTO SV_SRV (SRV_NAME, SUP_SRVG_CODE, SRV_BK_DESC, SRV_FUN_TYPE, SRV_CLASS_NAME, SRV_METHOD_NAME, CHECK_FLAG, AUTH_FLAG, SOC_FLAG, SALLOW_FLAG, LOG_LEVEL, RCD_STATE, APROV_TYPE, CUSTOM_RS_CODE) VALUES ('en_DeleteServerAction', '12', '删除服务器', 7, 'com.wk.cd.build.en.action.DeleteServerAction', null, 2, 2, 2, 3, 1, 1, 1, null);
INSERT INTO SV_SRV (SRV_NAME, SUP_SRVG_CODE, SRV_BK_DESC, SRV_FUN_TYPE, SRV_CLASS_NAME, SRV_METHOD_NAME, CHECK_FLAG, AUTH_FLAG, SOC_FLAG, SALLOW_FLAG, LOG_LEVEL, RCD_STATE, APROV_TYPE, CUSTOM_RS_CODE) VALUES ('en_DeleteSystemAction', '12', '删除单个应用系统', 7, 'com.wk.cd.build.en.action.DeleteSystemAction', null, 1, 1, 2, 3, 3, 1, 1, null);
INSERT INTO SV_SRV (SRV_NAME, SUP_SRVG_CODE, SRV_BK_DESC, SRV_FUN_TYPE, SRV_CLASS_NAME, SRV_METHOD_NAME, CHECK_FLAG, AUTH_FLAG, SOC_FLAG, SALLOW_FLAG, LOG_LEVEL, RCD_STATE, APROV_TYPE, CUSTOM_RS_CODE) VALUES ('en_PageAllProjectAction', '12', '分页查询项目列表', 7, 'com.wk.cd.build.en.action.PageAllProjectAction', null, 2, 2, 2, 3, 1, 1, 1, null);
INSERT INTO SV_SRV (SRV_NAME, SUP_SRVG_CODE, SRV_BK_DESC, SRV_FUN_TYPE, SRV_CLASS_NAME, SRV_METHOD_NAME, CHECK_FLAG, AUTH_FLAG, SOC_FLAG, SALLOW_FLAG, LOG_LEVEL, RCD_STATE, APROV_TYPE, CUSTOM_RS_CODE) VALUES ('en_PageEnvironmentAction', '12', '分页查询环境列表', 7, 'com.wk.cd.build.en.action.PageEnvironmentAction', null, 2, 2, 2, 3, 1, 1, 1, null);
INSERT INTO SV_SRV (SRV_NAME, SUP_SRVG_CODE, SRV_BK_DESC, SRV_FUN_TYPE, SRV_CLASS_NAME, SRV_METHOD_NAME, CHECK_FLAG, AUTH_FLAG, SOC_FLAG, SALLOW_FLAG, LOG_LEVEL, RCD_STATE, APROV_TYPE, CUSTOM_RS_CODE) VALUES ('en_PageServerAction', '12', '分页查询服务器', 7, 'com.wk.cd.build.en.action.PageServerAction', null, 2, 2, 2, 3, 1, 1, 1, null);
INSERT INTO SV_SRV (SRV_NAME, SUP_SRVG_CODE, SRV_BK_DESC, SRV_FUN_TYPE, SRV_CLASS_NAME, SRV_METHOD_NAME, CHECK_FLAG, AUTH_FLAG, SOC_FLAG, SALLOW_FLAG, LOG_LEVEL, RCD_STATE, APROV_TYPE, CUSTOM_RS_CODE) VALUES ('en_PageSystemListAction', '12', '分页查询应用系统列表', 7, 'com.wk.cd.build.en.action.PageSystemListAction', null, 2, 2, 2, 3, 1, 1, 1, null);
INSERT INTO SV_SRV (SRV_NAME, SUP_SRVG_CODE, SRV_BK_DESC, SRV_FUN_TYPE, SRV_CLASS_NAME, SRV_METHOD_NAME, CHECK_FLAG, AUTH_FLAG, SOC_FLAG, SALLOW_FLAG, LOG_LEVEL, RCD_STATE, APROV_TYPE, CUSTOM_RS_CODE) VALUES ('en_QueryBsForAppAction', '12', '查询业务系统列表（App端）', 7, 'com.wk.cd.build.en.action.QueryBsForAppAction', null, 1, 1, 2, 3, 3, 1, 1, null);
INSERT INTO SV_SRV (SRV_NAME, SUP_SRVG_CODE, SRV_BK_DESC, SRV_FUN_TYPE, SRV_CLASS_NAME, SRV_METHOD_NAME, CHECK_FLAG, AUTH_FLAG, SOC_FLAG, SALLOW_FLAG, LOG_LEVEL, RCD_STATE, APROV_TYPE, CUSTOM_RS_CODE) VALUES ('en_QueryBsSerEnvForAppAction', '12', '查询系统环境服务器列表（App端）', 7, 'com.wk.cd.build.en.action.QueryBsSerEnvForAppAction', null, 1, 1, 2, 3, 3, 1, 1, null);
INSERT INTO SV_SRV (SRV_NAME, SUP_SRVG_CODE, SRV_BK_DESC, SRV_FUN_TYPE, SRV_CLASS_NAME, SRV_METHOD_NAME, CHECK_FLAG, AUTH_FLAG, SOC_FLAG, SALLOW_FLAG, LOG_LEVEL, RCD_STATE, APROV_TYPE, CUSTOM_RS_CODE) VALUES ('en_QueryEnvForAppAction', '12', '查询环境列表（App端）', 7, 'com.wk.cd.build.en.action.QueryEnvForAppAction', null, 1, 1, 2, 3, 3, 1, 1, null);
INSERT INTO SV_SRV (SRV_NAME, SUP_SRVG_CODE, SRV_BK_DESC, SRV_FUN_TYPE, SRV_CLASS_NAME, SRV_METHOD_NAME, CHECK_FLAG, AUTH_FLAG, SOC_FLAG, SALLOW_FLAG, LOG_LEVEL, RCD_STATE, APROV_TYPE, CUSTOM_RS_CODE) VALUES ('en_UpdateEnvironmentAction', '12', '修改环境', 7, 'com.wk.cd.build.en.action.UpdateEnvironmentAction', null, 1, 1, 2, 3, 3, 1, 1, null);
INSERT INTO SV_SRV (SRV_NAME, SUP_SRVG_CODE, SRV_BK_DESC, SRV_FUN_TYPE, SRV_CLASS_NAME, SRV_METHOD_NAME, CHECK_FLAG, AUTH_FLAG, SOC_FLAG, SALLOW_FLAG, LOG_LEVEL, RCD_STATE, APROV_TYPE, CUSTOM_RS_CODE) VALUES ('en_UpdateProjectAction', '12', '修改项目', 7, 'com.wk.cd.build.en.action.UpdateProjectAction', null, 1, 1, 2, 3, 3, 1, 1, null);
INSERT INTO SV_SRV (SRV_NAME, SUP_SRVG_CODE, SRV_BK_DESC, SRV_FUN_TYPE, SRV_CLASS_NAME, SRV_METHOD_NAME, CHECK_FLAG, AUTH_FLAG, SOC_FLAG, SALLOW_FLAG, LOG_LEVEL, RCD_STATE, APROV_TYPE, CUSTOM_RS_CODE) VALUES ('en_UpdateServerAction', '12', '修改服务器', 7, 'com.wk.cd.build.en.action.UpdateServerAction', null, 2, 2, 2, 3, 1, 1, 1, null);
INSERT INTO SV_SRV (SRV_NAME, SUP_SRVG_CODE, SRV_BK_DESC, SRV_FUN_TYPE, SRV_CLASS_NAME, SRV_METHOD_NAME, CHECK_FLAG, AUTH_FLAG, SOC_FLAG, SALLOW_FLAG, LOG_LEVEL, RCD_STATE, APROV_TYPE, CUSTOM_RS_CODE) VALUES ('en_UpdateSystemAction', '12', '修改应用系统', 7, 'com.wk.cd.build.en.action.UpdateSystemAction', null, 1, 1, 2, 3, 3, 1, 1, null);
INSERT INTO SV_SRV (SRV_NAME, SUP_SRVG_CODE, SRV_BK_DESC, SRV_FUN_TYPE, SRV_CLASS_NAME, SRV_METHOD_NAME, CHECK_FLAG, AUTH_FLAG, SOC_FLAG, SALLOW_FLAG, LOG_LEVEL, RCD_STATE, APROV_TYPE, CUSTOM_RS_CODE) VALUES ('en_ViewEnvirActiongetEnvironmentMsg', '12', '查看环境', 7, 'com.wk.cd.build.en.action.ViewEnvirAction', 'getEnvironmentMsg', 2, 2, 2, 3, 1, 1, 1, null);
INSERT INTO SV_SRV (SRV_NAME, SUP_SRVG_CODE, SRV_BK_DESC, SRV_FUN_TYPE, SRV_CLASS_NAME, SRV_METHOD_NAME, CHECK_FLAG, AUTH_FLAG, SOC_FLAG, SALLOW_FLAG, LOG_LEVEL, RCD_STATE, APROV_TYPE, CUSTOM_RS_CODE) VALUES ('en_ViewEnvirActiongetEnvServerList', '12', '根据环境获得服务器列表', 7, 'com.wk.cd.build.en.action.ViewEnvirAction', 'getEnvServerList', 2, 2, 2, 3, 1, 1, 1, null);
INSERT INTO SV_SRV (SRV_NAME, SUP_SRVG_CODE, SRV_BK_DESC, SRV_FUN_TYPE, SRV_CLASS_NAME, SRV_METHOD_NAME, CHECK_FLAG, AUTH_FLAG, SOC_FLAG, SALLOW_FLAG, LOG_LEVEL, RCD_STATE, APROV_TYPE, CUSTOM_RS_CODE) VALUES ('en_ViewEnvirActionqueryEnvInfoList', '12', '根据环境名获取环境信息', 7, 'com.wk.cd.build.en.action.ViewEnvirAction', 'queryEnvInfoList', 2, 2, 2, 3, 1, 1, 1, null);
INSERT INTO SV_SRV (SRV_NAME, SUP_SRVG_CODE, SRV_BK_DESC, SRV_FUN_TYPE, SRV_CLASS_NAME, SRV_METHOD_NAME, CHECK_FLAG, AUTH_FLAG, SOC_FLAG, SALLOW_FLAG, LOG_LEVEL, RCD_STATE, APROV_TYPE, CUSTOM_RS_CODE) VALUES ('en_ViewEnvirActionqueryServerListByEnv', '12', '根据环境名查看服务器列表', 7, 'com.wk.cd.build.en.action.ViewEnvirAction', 'queryServerListByEnv', 2, 2, 2, 3, 1, 1, 1, null);
INSERT INTO SV_SRV (SRV_NAME, SUP_SRVG_CODE, SRV_BK_DESC, SRV_FUN_TYPE, SRV_CLASS_NAME, SRV_METHOD_NAME, CHECK_FLAG, AUTH_FLAG, SOC_FLAG, SALLOW_FLAG, LOG_LEVEL, RCD_STATE, APROV_TYPE, CUSTOM_RS_CODE) VALUES ('en_ViewProjectActiongetSingleProject', '12', '查看单个项目', 7, 'com.wk.cd.build.en.action.ViewProjectAction', 'getSingleProject', 2, 2, 2, 3, 1, 1, 1, null);
INSERT INTO SV_SRV (SRV_NAME, SUP_SRVG_CODE, SRV_BK_DESC, SRV_FUN_TYPE, SRV_CLASS_NAME, SRV_METHOD_NAME, CHECK_FLAG, AUTH_FLAG, SOC_FLAG, SALLOW_FLAG, LOG_LEVEL, RCD_STATE, APROV_TYPE, CUSTOM_RS_CODE) VALUES ('en_ViewProjectActionqueryProjByEnv', '12', '根据环境查询所有项目列表', 7, 'com.wk.cd.build.en.action.ViewProjectAction', 'queryProjByEnv', 2, 2, 2, 3, 1, 1, 1, null);
INSERT INTO SV_SRV (SRV_NAME, SUP_SRVG_CODE, SRV_BK_DESC, SRV_FUN_TYPE, SRV_CLASS_NAME, SRV_METHOD_NAME, CHECK_FLAG, AUTH_FLAG, SOC_FLAG, SALLOW_FLAG, LOG_LEVEL, RCD_STATE, APROV_TYPE, CUSTOM_RS_CODE) VALUES ('en_ViewServerActioncheckServerCnNameIsExist', '12', '校验服务器中文名重复', 7, 'com.wk.cd.build.en.action.ViewServerAction', 'checkServerCnNameIsExist', 2, 2, 2, 3, 1, 1, 1, null);
INSERT INTO SV_SRV (SRV_NAME, SUP_SRVG_CODE, SRV_BK_DESC, SRV_FUN_TYPE, SRV_CLASS_NAME, SRV_METHOD_NAME, CHECK_FLAG, AUTH_FLAG, SOC_FLAG, SALLOW_FLAG, LOG_LEVEL, RCD_STATE, APROV_TYPE, CUSTOM_RS_CODE) VALUES ('en_ViewServerActioncheckServerIsExist', '12', '查看服务器是否存在', 7, 'com.wk.cd.build.en.action.ViewServerAction', 'checkServerIsExist', 2, 2, 2, 3, 1, 1, 1, null);
INSERT INTO SV_SRV (SRV_NAME, SUP_SRVG_CODE, SRV_BK_DESC, SRV_FUN_TYPE, SRV_CLASS_NAME, SRV_METHOD_NAME, CHECK_FLAG, AUTH_FLAG, SOC_FLAG, SALLOW_FLAG, LOG_LEVEL, RCD_STATE, APROV_TYPE, CUSTOM_RS_CODE) VALUES ('en_ViewServerActiongetAllServerName', '12', '获取所有服务器名', 7, 'com.wk.cd.build.en.action.ViewServerAction', 'getAllServerName', 2, 2, 2, 3, 1, 1, 1, null);
INSERT INTO SV_SRV (SRV_NAME, SUP_SRVG_CODE, SRV_BK_DESC, SRV_FUN_TYPE, SRV_CLASS_NAME, SRV_METHOD_NAME, CHECK_FLAG, AUTH_FLAG, SOC_FLAG, SALLOW_FLAG, LOG_LEVEL, RCD_STATE, APROV_TYPE, CUSTOM_RS_CODE) VALUES ('en_ViewServerActiongetServerDetail', '12', '查看服务器信息', 7, 'com.wk.cd.build.en.action.ViewServerAction', 'getServerDetail', 2, 2, 2, 3, 1, 1, 1, null);
INSERT INTO SV_SRV (SRV_NAME, SUP_SRVG_CODE, SRV_BK_DESC, SRV_FUN_TYPE, SRV_CLASS_NAME, SRV_METHOD_NAME, CHECK_FLAG, AUTH_FLAG, SOC_FLAG, SALLOW_FLAG, LOG_LEVEL, RCD_STATE, APROV_TYPE, CUSTOM_RS_CODE) VALUES ('en_ViewServerActionqueryDetailAndRelatedInfo', '12', '查看服务器详细信息及关联信息', 7, 'com.wk.cd.build.en.action.ViewServerAction', 'queryDetailAndRelatedInfo', 2, 2, 2, 3, 1, 1, 1, null);
INSERT INTO SV_SRV (SRV_NAME, SUP_SRVG_CODE, SRV_BK_DESC, SRV_FUN_TYPE, SRV_CLASS_NAME, SRV_METHOD_NAME, CHECK_FLAG, AUTH_FLAG, SOC_FLAG, SALLOW_FLAG, LOG_LEVEL, RCD_STATE, APROV_TYPE, CUSTOM_RS_CODE) VALUES ('en_ViewServerActionqueryEnvListForApp', '12', '查看服务器信息列表', 7, 'com.wk.cd.build.en.action.ViewServerAction', 'queryEnvListForApp', 2, 2, 2, 3, 1, 1, 1, null);
INSERT INTO SV_SRV (SRV_NAME, SUP_SRVG_CODE, SRV_BK_DESC, SRV_FUN_TYPE, SRV_CLASS_NAME, SRV_METHOD_NAME, CHECK_FLAG, AUTH_FLAG, SOC_FLAG, SALLOW_FLAG, LOG_LEVEL, RCD_STATE, APROV_TYPE, CUSTOM_RS_CODE) VALUES ('en_ViewServerActionquerySerByEnv', '12', '根据环境查询服务器列表', 7, 'com.wk.cd.build.en.action.ViewServerAction', 'querySerByEnv', 2, 2, 2, 3, 1, 1, 1, null);
INSERT INTO SV_SRV (SRV_NAME, SUP_SRVG_CODE, SRV_BK_DESC, SRV_FUN_TYPE, SRV_CLASS_NAME, SRV_METHOD_NAME, CHECK_FLAG, AUTH_FLAG, SOC_FLAG, SALLOW_FLAG, LOG_LEVEL, RCD_STATE, APROV_TYPE, CUSTOM_RS_CODE) VALUES ('en_ViewServerActionqueryServerDetailByIP', '12', '根据IP模糊查询服务器详细信息', 7, 'com.wk.cd.build.en.action.ViewServerAction', 'queryServerDetailByIP', 2, 2, 2, 3, 1, 1, 1, null);
INSERT INTO SV_SRV (SRV_NAME, SUP_SRVG_CODE, SRV_BK_DESC, SRV_FUN_TYPE, SRV_CLASS_NAME, SRV_METHOD_NAME, CHECK_FLAG, AUTH_FLAG, SOC_FLAG, SALLOW_FLAG, LOG_LEVEL, RCD_STATE, APROV_TYPE, CUSTOM_RS_CODE) VALUES ('en_ViewServerActionqueryServerDetailByIPAndSystems', '12', '根据系统及IP模糊查询服务器详细信息', 7, 'com.wk.cd.build.en.action.ViewServerAction', 'queryServerDetailByIPAndSystems', 2, 2, 2, 3, 1, 1, 1, null);
INSERT INTO SV_SRV (SRV_NAME, SUP_SRVG_CODE, SRV_BK_DESC, SRV_FUN_TYPE, SRV_CLASS_NAME, SRV_METHOD_NAME, CHECK_FLAG, AUTH_FLAG, SOC_FLAG, SALLOW_FLAG, LOG_LEVEL, RCD_STATE, APROV_TYPE, CUSTOM_RS_CODE) VALUES ('en_ViewServerActionqueryServerForApp', '12', '查看服务器信息列表', 7, 'com.wk.cd.build.en.action.ViewServerAction', 'queryServerForApp', 2, 2, 2, 3, 1, 1, 1, null);
INSERT INTO SV_SRV (SRV_NAME, SUP_SRVG_CODE, SRV_BK_DESC, SRV_FUN_TYPE, SRV_CLASS_NAME, SRV_METHOD_NAME, CHECK_FLAG, AUTH_FLAG, SOC_FLAG, SALLOW_FLAG, LOG_LEVEL, RCD_STATE, APROV_TYPE, CUSTOM_RS_CODE) VALUES ('en_ViewServerActionqueryServerListForApp', '12', '查看服务器信息列表', 7, 'com.wk.cd.build.en.action.ViewServerAction', 'queryServerListForApp', 2, 2, 2, 3, 1, 1, 1, null);
INSERT INTO SV_SRV (SRV_NAME, SUP_SRVG_CODE, SRV_BK_DESC, SRV_FUN_TYPE, SRV_CLASS_NAME, SRV_METHOD_NAME, CHECK_FLAG, AUTH_FLAG, SOC_FLAG, SALLOW_FLAG, LOG_LEVEL, RCD_STATE, APROV_TYPE, CUSTOM_RS_CODE) VALUES ('en_ViewServerActionquerySocNameByServer', '12', '查询数据源列表', 7, 'com.wk.cd.build.en.action.ViewServerAction', 'querySocNameByServer', 2, 2, 2, 3, 1, 1, 1, null);
INSERT INTO SV_SRV (SRV_NAME, SUP_SRVG_CODE, SRV_BK_DESC, SRV_FUN_TYPE, SRV_CLASS_NAME, SRV_METHOD_NAME, CHECK_FLAG, AUTH_FLAG, SOC_FLAG, SALLOW_FLAG, LOG_LEVEL, RCD_STATE, APROV_TYPE, CUSTOM_RS_CODE) VALUES ('en_ViewServerActionquerySocNameByServerAndType', '12', '服务器名类型筛选数据源', 7, 'com.wk.cd.build.en.action.ViewServerAction', 'querySocNameByServerAndType', 2, 2, 2, 3, 1, 1, 1, null);
INSERT INTO SV_SRV (SRV_NAME, SUP_SRVG_CODE, SRV_BK_DESC, SRV_FUN_TYPE, SRV_CLASS_NAME, SRV_METHOD_NAME, CHECK_FLAG, AUTH_FLAG, SOC_FLAG, SALLOW_FLAG, LOG_LEVEL, RCD_STATE, APROV_TYPE, CUSTOM_RS_CODE) VALUES ('en_ViewServerActionquerySourceByServer', '12', '根据服务器查询数据源列表', 7, 'com.wk.cd.build.en.action.ViewServerAction', 'querySourceByServer', 2, 2, 2, 3, 1, 1, 1, null);
INSERT INTO SV_SRV (SRV_NAME, SUP_SRVG_CODE, SRV_BK_DESC, SRV_FUN_TYPE, SRV_CLASS_NAME, SRV_METHOD_NAME, CHECK_FLAG, AUTH_FLAG, SOC_FLAG, SALLOW_FLAG, LOG_LEVEL, RCD_STATE, APROV_TYPE, CUSTOM_RS_CODE) VALUES ('en_ViewServerActionquerySysAndEnvByServer', '12', '根据服务器获得应用系统和环境列表', 7, 'com.wk.cd.build.en.action.ViewServerAction', 'querySysAndEnvByServer', 2, 2, 2, 3, 1, 1, 1, null);
INSERT INTO SV_SRV (SRV_NAME, SUP_SRVG_CODE, SRV_BK_DESC, SRV_FUN_TYPE, SRV_CLASS_NAME, SRV_METHOD_NAME, CHECK_FLAG, AUTH_FLAG, SOC_FLAG, SALLOW_FLAG, LOG_LEVEL, RCD_STATE, APROV_TYPE, CUSTOM_RS_CODE) VALUES ('en_ViewServerActionqueryVerSerByEnv', '12', '根据环境查询版本服务器列表', 7, 'com.wk.cd.build.en.action.ViewServerAction', 'queryVerSerByEnv', 2, 2, 2, 3, 1, 1, 1, null);
INSERT INTO SV_SRV (SRV_NAME, SUP_SRVG_CODE, SRV_BK_DESC, SRV_FUN_TYPE, SRV_CLASS_NAME, SRV_METHOD_NAME, CHECK_FLAG, AUTH_FLAG, SOC_FLAG, SALLOW_FLAG, LOG_LEVEL, RCD_STATE, APROV_TYPE, CUSTOM_RS_CODE) VALUES ('en_ViewSystemActiongetSystem', '12', '查看单个应用系统', 7, 'com.wk.cd.build.en.action.ViewSystemAction', 'getSystem', 2, 2, 2, 3, 1, 1, 1, null);
INSERT INTO SV_SRV (SRV_NAME, SUP_SRVG_CODE, SRV_BK_DESC, SRV_FUN_TYPE, SRV_CLASS_NAME, SRV_METHOD_NAME, CHECK_FLAG, AUTH_FLAG, SOC_FLAG, SALLOW_FLAG, LOG_LEVEL, RCD_STATE, APROV_TYPE, CUSTOM_RS_CODE) VALUES ('en_ViewSystemActiongetSystemEnvirList', '12', '根据应用系统查询关联环境列表', 7, 'com.wk.cd.build.en.action.ViewSystemAction', 'getSystemEnvirList', 2, 2, 2, 3, 1, 1, 1, null);
INSERT INTO SV_SRV (SRV_NAME, SUP_SRVG_CODE, SRV_BK_DESC, SRV_FUN_TYPE, SRV_CLASS_NAME, SRV_METHOD_NAME, CHECK_FLAG, AUTH_FLAG, SOC_FLAG, SALLOW_FLAG, LOG_LEVEL, RCD_STATE, APROV_TYPE, CUSTOM_RS_CODE) VALUES ('en_ViewSystemActiongetSystemList', '12', '应用系统列表', 7, 'com.wk.cd.build.en.action.ViewSystemAction', 'getSystemList', 2, 2, 2, 3, 1, 1, 1, null);
INSERT INTO SV_SRV (SRV_NAME, SUP_SRVG_CODE, SRV_BK_DESC, SRV_FUN_TYPE, SRV_CLASS_NAME, SRV_METHOD_NAME, CHECK_FLAG, AUTH_FLAG, SOC_FLAG, SALLOW_FLAG, LOG_LEVEL, RCD_STATE, APROV_TYPE, CUSTOM_RS_CODE) VALUES ('en_ViewSystemActiongetSystemNameList', '12', '通过应用系统英文名和简称', 7, 'com.wk.cd.build.en.action.ViewSystemAction', 'getSystemNameList', 2, 2, 2, 3, 1, 1, 1, null);
INSERT INTO SV_SRV (SRV_NAME, SUP_SRVG_CODE, SRV_BK_DESC, SRV_FUN_TYPE, SRV_CLASS_NAME, SRV_METHOD_NAME, CHECK_FLAG, AUTH_FLAG, SOC_FLAG, SALLOW_FLAG, LOG_LEVEL, RCD_STATE, APROV_TYPE, CUSTOM_RS_CODE) VALUES ('en_ViewSystemActiongetTemplate', '12', '通过模板类型获取获取名', 7, 'com.wk.cd.build.en.action.ViewSystemAction', 'getTemplate', 2, 2, 2, 3, 1, 1, 1, null);
INSERT INTO SV_SRV (SRV_NAME, SUP_SRVG_CODE, SRV_BK_DESC, SRV_FUN_TYPE, SRV_CLASS_NAME, SRV_METHOD_NAME, CHECK_FLAG, AUTH_FLAG, SOC_FLAG, SALLOW_FLAG, LOG_LEVEL, RCD_STATE, APROV_TYPE, CUSTOM_RS_CODE) VALUES ('en_ViewSystemActiongetTemplateList', '12', '获取模板列表', 7, 'com.wk.cd.build.en.action.ViewSystemAction', 'getTemplateList', 2, 2, 2, 3, 1, 1, 1, null);
INSERT INTO SV_SRV (SRV_NAME, SUP_SRVG_CODE, SRV_BK_DESC, SRV_FUN_TYPE, SRV_CLASS_NAME, SRV_METHOD_NAME, CHECK_FLAG, AUTH_FLAG, SOC_FLAG, SALLOW_FLAG, LOG_LEVEL, RCD_STATE, APROV_TYPE, CUSTOM_RS_CODE) VALUES ('en_ViewSystemActionqueryEnvAndTask', '12', '根据应用系统查询关联环境及任务明细', 7, 'com.wk.cd.build.en.action.ViewSystemAction', 'queryEnvAndTask', 2, 2, 2, 3, 1, 1, 1, null);
INSERT INTO SV_SRV (SRV_NAME, SUP_SRVG_CODE, SRV_BK_DESC, SRV_FUN_TYPE, SRV_CLASS_NAME, SRV_METHOD_NAME, CHECK_FLAG, AUTH_FLAG, SOC_FLAG, SALLOW_FLAG, LOG_LEVEL, RCD_STATE, APROV_TYPE, CUSTOM_RS_CODE) VALUES ('en_ViewSystemActionqueryEnvListForApp', '12', '获取系统关联环境列表', 7, 'com.wk.cd.build.en.action.ViewSystemAction', 'queryEnvListForApp', 2, 2, 2, 3, 1, 1, 1, null);
INSERT INTO SV_SRV (SRV_NAME, SUP_SRVG_CODE, SRV_BK_DESC, SRV_FUN_TYPE, SRV_CLASS_NAME, SRV_METHOD_NAME, CHECK_FLAG, AUTH_FLAG, SOC_FLAG, SALLOW_FLAG, LOG_LEVEL, RCD_STATE, APROV_TYPE, CUSTOM_RS_CODE) VALUES ('en_ViewSystemActionqueryServerListBySys', '12', '根据系统名查看挂载服务器列表', 7, 'com.wk.cd.build.en.action.ViewSystemAction', 'queryServerListBySys', 2, 2, 2, 3, 1, 1, 1, null);
INSERT INTO SV_SRV (SRV_NAME, SUP_SRVG_CODE, SRV_BK_DESC, SRV_FUN_TYPE, SRV_CLASS_NAME, SRV_METHOD_NAME, CHECK_FLAG, AUTH_FLAG, SOC_FLAG, SALLOW_FLAG, LOG_LEVEL, RCD_STATE, APROV_TYPE, CUSTOM_RS_CODE) VALUES ('ep_UpdateDeptEnvPrivAction', '02', '修改部门应用环境权限信息', 6, 'com.wk.cd.system.ep.action.UpdateDeptEnvPrivAction', null, 1, 1, 2, 3, 3, 1, 1, null);
INSERT INTO SV_SRV (SRV_NAME, SUP_SRVG_CODE, SRV_BK_DESC, SRV_FUN_TYPE, SRV_CLASS_NAME, SRV_METHOD_NAME, CHECK_FLAG, AUTH_FLAG, SOC_FLAG, SALLOW_FLAG, LOG_LEVEL, RCD_STATE, APROV_TYPE, CUSTOM_RS_CODE) VALUES ('ep_UpdateDprlEnvPrivAction', '03', '修改部门角色应用环境权限信息', 6, 'com.wk.cd.system.ep.action.UpdateDprlEnvPrivAction', null, 1, 1, 2, 3, 3, 1, 1, null);
INSERT INTO SV_SRV (SRV_NAME, SUP_SRVG_CODE, SRV_BK_DESC, SRV_FUN_TYPE, SRV_CLASS_NAME, SRV_METHOD_NAME, CHECK_FLAG, AUTH_FLAG, SOC_FLAG, SALLOW_FLAG, LOG_LEVEL, RCD_STATE, APROV_TYPE, CUSTOM_RS_CODE) VALUES ('ep_UpdateUserEnvPrivAction', '03', '修改用户应用环境权限信息', 6, 'com.wk.cd.system.ep.action.UpdateUserEnvPrivAction', null, 1, 1, 2, 3, 3, 1, 1, null);
INSERT INTO SV_SRV (SRV_NAME, SUP_SRVG_CODE, SRV_BK_DESC, SRV_FUN_TYPE, SRV_CLASS_NAME, SRV_METHOD_NAME, CHECK_FLAG, AUTH_FLAG, SOC_FLAG, SALLOW_FLAG, LOG_LEVEL, RCD_STATE, APROV_TYPE, CUSTOM_RS_CODE) VALUES ('ep_ViewEnvPrivActiongetDeptEnvPriv', '03', '查询部门应用环境权限信息', 6, 'com.wk.cd.system.ep.action.ViewEnvPrivAction', 'getDeptEnvPriv', 1, 1, 2, 3, 1, 1, 1, null);
INSERT INTO SV_SRV (SRV_NAME, SUP_SRVG_CODE, SRV_BK_DESC, SRV_FUN_TYPE, SRV_CLASS_NAME, SRV_METHOD_NAME, CHECK_FLAG, AUTH_FLAG, SOC_FLAG, SALLOW_FLAG, LOG_LEVEL, RCD_STATE, APROV_TYPE, CUSTOM_RS_CODE) VALUES ('ep_ViewEnvPrivActiongetDprlEnvPriv', '03', '查询部门角色应用环境权限信息', 6, 'com.wk.cd.system.ep.action.ViewEnvPrivAction', 'getDprlEnvPriv', 1, 1, 2, 3, 1, 1, 1, null);
INSERT INTO SV_SRV (SRV_NAME, SUP_SRVG_CODE, SRV_BK_DESC, SRV_FUN_TYPE, SRV_CLASS_NAME, SRV_METHOD_NAME, CHECK_FLAG, AUTH_FLAG, SOC_FLAG, SALLOW_FLAG, LOG_LEVEL, RCD_STATE, APROV_TYPE, CUSTOM_RS_CODE) VALUES ('ep_ViewEnvPrivActiongetUserEnvPriv', '03', '查询用户应用环境权限信息', 6, 'com.wk.cd.system.ep.action.ViewEnvPrivAction', 'getUserEnvPriv', 1, 1, 2, 3, 1, 1, 1, null);
INSERT INTO SV_SRV (SRV_NAME, SUP_SRVG_CODE, SRV_BK_DESC, SRV_FUN_TYPE, SRV_CLASS_NAME, SRV_METHOD_NAME, CHECK_FLAG, AUTH_FLAG, SOC_FLAG, SALLOW_FLAG, LOG_LEVEL, RCD_STATE, APROV_TYPE, CUSTOM_RS_CODE) VALUES ('lg_DownloadLogAction', '10', '下载日志信息', 6, 'com.wk.cd.system.lg.action.DownloadLogAction', null, 1, 1, 2, 3, 2, 1, 1, null);
INSERT INTO SV_SRV (SRV_NAME, SUP_SRVG_CODE, SRV_BK_DESC, SRV_FUN_TYPE, SRV_CLASS_NAME, SRV_METHOD_NAME, CHECK_FLAG, AUTH_FLAG, SOC_FLAG, SALLOW_FLAG, LOG_LEVEL, RCD_STATE, APROV_TYPE, CUSTOM_RS_CODE) VALUES ('lg_PageLogByDateAndLabelAction', '10', '根据日期查询日志信息', 6, 'com.wk.cd.system.lg.action.PageLogByDateAndLabelAction', null, 2, 2, 2, 3, 1, 1, 1, null);
INSERT INTO SV_SRV (SRV_NAME, SUP_SRVG_CODE, SRV_BK_DESC, SRV_FUN_TYPE, SRV_CLASS_NAME, SRV_METHOD_NAME, CHECK_FLAG, AUTH_FLAG, SOC_FLAG, SALLOW_FLAG, LOG_LEVEL, RCD_STATE, APROV_TYPE, CUSTOM_RS_CODE) VALUES ('lg_UpdateLogLabelAction', '10', '修改日志标签', 6, 'com.wk.cd.system.lg.action.UpdateLogLabelAction', null, 2, 2, 2, 3, 2, 1, 1, null);
INSERT INTO SV_SRV (SRV_NAME, SUP_SRVG_CODE, SRV_BK_DESC, SRV_FUN_TYPE, SRV_CLASS_NAME, SRV_METHOD_NAME, CHECK_FLAG, AUTH_FLAG, SOC_FLAG, SALLOW_FLAG, LOG_LEVEL, RCD_STATE, APROV_TYPE, CUSTOM_RS_CODE) VALUES ('mg_AddMessAction', '10', '新增消息', 6, 'com.wk.cd.system.mg.action.AddMessAction', null, 1, 1, 2, 3, 3, 1, 1, null);
INSERT INTO SV_SRV (SRV_NAME, SUP_SRVG_CODE, SRV_BK_DESC, SRV_FUN_TYPE, SRV_CLASS_NAME, SRV_METHOD_NAME, CHECK_FLAG, AUTH_FLAG, SOC_FLAG, SALLOW_FLAG, LOG_LEVEL, RCD_STATE, APROV_TYPE, CUSTOM_RS_CODE) VALUES ('mg_DeleteRcMess', '10', '删除接收消息', 6, 'com.wk.cd.system.mg.action.DeleteMessAction', 'deleteRcMess', 1, 1, 2, 3, 4, 1, 1, null);
INSERT INTO SV_SRV (SRV_NAME, SUP_SRVG_CODE, SRV_BK_DESC, SRV_FUN_TYPE, SRV_CLASS_NAME, SRV_METHOD_NAME, CHECK_FLAG, AUTH_FLAG, SOC_FLAG, SALLOW_FLAG, LOG_LEVEL, RCD_STATE, APROV_TYPE, CUSTOM_RS_CODE) VALUES ('mg_DeleteSendMess', '10', '删除发送消息', 6, 'com.wk.cd.system.mg.action.DeleteMessAction', 'deleteSendMess', 1, 1, 2, 3, 4, 1, 1, null);
INSERT INTO SV_SRV (SRV_NAME, SUP_SRVG_CODE, SRV_BK_DESC, SRV_FUN_TYPE, SRV_CLASS_NAME, SRV_METHOD_NAME, CHECK_FLAG, AUTH_FLAG, SOC_FLAG, SALLOW_FLAG, LOG_LEVEL, RCD_STATE, APROV_TYPE, CUSTOM_RS_CODE) VALUES ('mg_GetFileUploadFileAction', '10', '获取消息文件上传路径', 6, 'com.wk.cd.system.mg.action.GetFileUploadFileAction', null, 2, 2, 2, 3, 1, 1, 1, null);
INSERT INTO SV_SRV (SRV_NAME, SUP_SRVG_CODE, SRV_BK_DESC, SRV_FUN_TYPE, SRV_CLASS_NAME, SRV_METHOD_NAME, CHECK_FLAG, AUTH_FLAG, SOC_FLAG, SALLOW_FLAG, LOG_LEVEL, RCD_STATE, APROV_TYPE, CUSTOM_RS_CODE) VALUES ('mg_PageAttentMessage', '10', '查询关注消息信息', 6, 'com.wk.cd.system.mg.action.PageMessageAction', 'pageAttentMessage', 2, 2, 2, 3, 1, 1, 1, null);
INSERT INTO SV_SRV (SRV_NAME, SUP_SRVG_CODE, SRV_BK_DESC, SRV_FUN_TYPE, SRV_CLASS_NAME, SRV_METHOD_NAME, CHECK_FLAG, AUTH_FLAG, SOC_FLAG, SALLOW_FLAG, LOG_LEVEL, RCD_STATE, APROV_TYPE, CUSTOM_RS_CODE) VALUES ('mg_PageMessageAction', '10', '查询消息列表', 6, 'com.wk.cd.system.mg.action.PageMessageAction', null, 2, 2, 2, 3, 1, 1, 1, null);
INSERT INTO SV_SRV (SRV_NAME, SUP_SRVG_CODE, SRV_BK_DESC, SRV_FUN_TYPE, SRV_CLASS_NAME, SRV_METHOD_NAME, CHECK_FLAG, AUTH_FLAG, SOC_FLAG, SALLOW_FLAG, LOG_LEVEL, RCD_STATE, APROV_TYPE, CUSTOM_RS_CODE) VALUES ('mg_PageSendMessage', '10', '查询已发送消息信息', 6, 'com.wk.cd.system.mg.action.PageMessageAction', 'pageSendMessage', 2, 2, 2, 3, 1, 1, 1, null);
INSERT INTO SV_SRV (SRV_NAME, SUP_SRVG_CODE, SRV_BK_DESC, SRV_FUN_TYPE, SRV_CLASS_NAME, SRV_METHOD_NAME, CHECK_FLAG, AUTH_FLAG, SOC_FLAG, SALLOW_FLAG, LOG_LEVEL, RCD_STATE, APROV_TYPE, CUSTOM_RS_CODE) VALUES ('mg_QueryMsgInfoAction', '10', '查看消息详细信息', 6, 'com.wk.cd.system.mg.action.QueryMsgInfoAction', null, 2, 2, 2, 3, 1, 1, 1, null);
INSERT INTO SV_SRV (SRV_NAME, SUP_SRVG_CODE, SRV_BK_DESC, SRV_FUN_TYPE, SRV_CLASS_NAME, SRV_METHOD_NAME, CHECK_FLAG, AUTH_FLAG, SOC_FLAG, SALLOW_FLAG, LOG_LEVEL, RCD_STATE, APROV_TYPE, CUSTOM_RS_CODE) VALUES ('mg_UpdateAttentFlag', '10', '关注消息', 6, 'com.wk.cd.system.mg.action.QueryMsgInfoAction', 'updateAttentFlag', 2, 2, 2, 3, 2, 1, 1, null);
INSERT INTO SV_SRV (SRV_NAME, SUP_SRVG_CODE, SRV_BK_DESC, SRV_FUN_TYPE, SRV_CLASS_NAME, SRV_METHOD_NAME, CHECK_FLAG, AUTH_FLAG, SOC_FLAG, SALLOW_FLAG, LOG_LEVEL, RCD_STATE, APROV_TYPE, CUSTOM_RS_CODE) VALUES ('mo_AddGroupAction', '11', '新增组件组', 7, 'com.wk.cd.module.action.AddGroupAction', null, 1, 1, 2, 3, 3, 1, 1, null);
INSERT INTO SV_SRV (SRV_NAME, SUP_SRVG_CODE, SRV_BK_DESC, SRV_FUN_TYPE, SRV_CLASS_NAME, SRV_METHOD_NAME, CHECK_FLAG, AUTH_FLAG, SOC_FLAG, SALLOW_FLAG, LOG_LEVEL, RCD_STATE, APROV_TYPE, CUSTOM_RS_CODE) VALUES ('mo_AddModuleAction', '11', '新增组件', 7, 'com.wk.cd.module.action.AddModuleAction', null, 1, 1, 2, 3, 3, 1, 1, null);
INSERT INTO SV_SRV (SRV_NAME, SUP_SRVG_CODE, SRV_BK_DESC, SRV_FUN_TYPE, SRV_CLASS_NAME, SRV_METHOD_NAME, CHECK_FLAG, AUTH_FLAG, SOC_FLAG, SALLOW_FLAG, LOG_LEVEL, RCD_STATE, APROV_TYPE, CUSTOM_RS_CODE) VALUES ('mo_AddTemplateAction', '11', '一步新增模版', 7, 'com.wk.cd.module.action.AddTemplateAction', null, 2, 2, 2, 3, 1, 1, 1, null);
INSERT INTO SV_SRV (SRV_NAME, SUP_SRVG_CODE, SRV_BK_DESC, SRV_FUN_TYPE, SRV_CLASS_NAME, SRV_METHOD_NAME, CHECK_FLAG, AUTH_FLAG, SOC_FLAG, SALLOW_FLAG, LOG_LEVEL, RCD_STATE, APROV_TYPE, CUSTOM_RS_CODE) VALUES ('mo_DeleteGroupAction', '11', '删除组件组', 7, 'com.wk.cd.module.action.DeleteGroupAction', null, 1, 1, 2, 3, 4, 1, 1, null);
INSERT INTO SV_SRV (SRV_NAME, SUP_SRVG_CODE, SRV_BK_DESC, SRV_FUN_TYPE, SRV_CLASS_NAME, SRV_METHOD_NAME, CHECK_FLAG, AUTH_FLAG, SOC_FLAG, SALLOW_FLAG, LOG_LEVEL, RCD_STATE, APROV_TYPE, CUSTOM_RS_CODE) VALUES ('mo_DeleteModuleAction', '11', '删除组件', 7, 'com.wk.cd.module.action.DeleteModuleAction', null, 1, 1, 2, 3, 4, 1, 1, null);
INSERT INTO SV_SRV (SRV_NAME, SUP_SRVG_CODE, SRV_BK_DESC, SRV_FUN_TYPE, SRV_CLASS_NAME, SRV_METHOD_NAME, CHECK_FLAG, AUTH_FLAG, SOC_FLAG, SALLOW_FLAG, LOG_LEVEL, RCD_STATE, APROV_TYPE, CUSTOM_RS_CODE) VALUES ('mo_DeleteTemplateAction', '11', '删除流程模板', 7, 'com.wk.cd.module.action.DeleteTemplateAction', null, 2, 2, 2, 3, 1, 1, 1, null);
INSERT INTO SV_SRV (SRV_NAME, SUP_SRVG_CODE, SRV_BK_DESC, SRV_FUN_TYPE, SRV_CLASS_NAME, SRV_METHOD_NAME, CHECK_FLAG, AUTH_FLAG, SOC_FLAG, SALLOW_FLAG, LOG_LEVEL, RCD_STATE, APROV_TYPE, CUSTOM_RS_CODE) VALUES ('mo_ImportGroupAction', '11', '导入组件组文件', 7, 'com.wk.cd.module.action.ImportGroupAction', null, 1, 1, 2, 3, 3, 1, 1, null);
INSERT INTO SV_SRV (SRV_NAME, SUP_SRVG_CODE, SRV_BK_DESC, SRV_FUN_TYPE, SRV_CLASS_NAME, SRV_METHOD_NAME, CHECK_FLAG, AUTH_FLAG, SOC_FLAG, SALLOW_FLAG, LOG_LEVEL, RCD_STATE, APROV_TYPE, CUSTOM_RS_CODE) VALUES ('mo_ImportModuleAction', '11', '导入组件文件', 7, 'com.wk.cd.module.action.ImportModuleAction', null, 1, 1, 2, 3, 3, 1, 1, null);
INSERT INTO SV_SRV (SRV_NAME, SUP_SRVG_CODE, SRV_BK_DESC, SRV_FUN_TYPE, SRV_CLASS_NAME, SRV_METHOD_NAME, CHECK_FLAG, AUTH_FLAG, SOC_FLAG, SALLOW_FLAG, LOG_LEVEL, RCD_STATE, APROV_TYPE, CUSTOM_RS_CODE) VALUES ('mo_ImportTemplateAction', '11', '导入组件组', 7, 'com.wk.cd.module.action.ImportTemplateAction', null, 1, 1, 2, 3, 4, 1, 1, null);
INSERT INTO SV_SRV (SRV_NAME, SUP_SRVG_CODE, SRV_BK_DESC, SRV_FUN_TYPE, SRV_CLASS_NAME, SRV_METHOD_NAME, CHECK_FLAG, AUTH_FLAG, SOC_FLAG, SALLOW_FLAG, LOG_LEVEL, RCD_STATE, APROV_TYPE, CUSTOM_RS_CODE) VALUES ('mo_ModuleTestAction', '11', '组件测试', 7, 'com.wk.cd.module.action.ModuleTestAction', null, 1, 1, 2, 3, 3, 1, 1, null);
INSERT INTO SV_SRV (SRV_NAME, SUP_SRVG_CODE, SRV_BK_DESC, SRV_FUN_TYPE, SRV_CLASS_NAME, SRV_METHOD_NAME, CHECK_FLAG, AUTH_FLAG, SOC_FLAG, SALLOW_FLAG, LOG_LEVEL, RCD_STATE, APROV_TYPE, CUSTOM_RS_CODE) VALUES ('mo_PageTemplateListAction', '11', '分页查询流程模板', 7, 'com.wk.cd.module.action.PageTemplateListAction', null, 2, 2, 2, 3, 1, 1, 1, null);
INSERT INTO SV_SRV (SRV_NAME, SUP_SRVG_CODE, SRV_BK_DESC, SRV_FUN_TYPE, SRV_CLASS_NAME, SRV_METHOD_NAME, CHECK_FLAG, AUTH_FLAG, SOC_FLAG, SALLOW_FLAG, LOG_LEVEL, RCD_STATE, APROV_TYPE, CUSTOM_RS_CODE) VALUES ('mo_PublishModuleAction', '11', '发布组件', 7, 'com.wk.cd.module.action.PublishModuleAction', null, 1, 1, 2, 3, 3, 1, 1, null);
INSERT INTO SV_SRV (SRV_NAME, SUP_SRVG_CODE, SRV_BK_DESC, SRV_FUN_TYPE, SRV_CLASS_NAME, SRV_METHOD_NAME, CHECK_FLAG, AUTH_FLAG, SOC_FLAG, SALLOW_FLAG, LOG_LEVEL, RCD_STATE, APROV_TYPE, CUSTOM_RS_CODE) VALUES ('mo_UpdateGroupAction', '11', '修改组件组', 7, 'com.wk.cd.module.action.UpdateGroupAction', null, 1, 1, 2, 3, 3, 1, 1, null);
INSERT INTO SV_SRV (SRV_NAME, SUP_SRVG_CODE, SRV_BK_DESC, SRV_FUN_TYPE, SRV_CLASS_NAME, SRV_METHOD_NAME, CHECK_FLAG, AUTH_FLAG, SOC_FLAG, SALLOW_FLAG, LOG_LEVEL, RCD_STATE, APROV_TYPE, CUSTOM_RS_CODE) VALUES ('mo_UpdateModuleAction', '11', '修改组件信息', 7, 'com.wk.cd.module.action.UpdateModuleAction', null, 1, 1, 2, 3, 3, 1, 1, null);
INSERT INTO SV_SRV (SRV_NAME, SUP_SRVG_CODE, SRV_BK_DESC, SRV_FUN_TYPE, SRV_CLASS_NAME, SRV_METHOD_NAME, CHECK_FLAG, AUTH_FLAG, SOC_FLAG, SALLOW_FLAG, LOG_LEVEL, RCD_STATE, APROV_TYPE, CUSTOM_RS_CODE) VALUES ('mo_UpdateTemplateAction', '11', '一步修改模版', 7, 'com.wk.cd.module.action.UpdateTemplateAction', null, 2, 2, 2, 3, 1, 1, 1, null);
INSERT INTO SV_SRV (SRV_NAME, SUP_SRVG_CODE, SRV_BK_DESC, SRV_FUN_TYPE, SRV_CLASS_NAME, SRV_METHOD_NAME, CHECK_FLAG, AUTH_FLAG, SOC_FLAG, SALLOW_FLAG, LOG_LEVEL, RCD_STATE, APROV_TYPE, CUSTOM_RS_CODE) VALUES ('mo_ViewModuleActioncheckModuleReference', '11', '校检组件或组件组是否被引用', 7, 'com.wk.cd.module.action.ViewModuleAction', 'checkModuleReference', 2, 2, 2, 3, 1, 1, 1, null);
INSERT INTO SV_SRV (SRV_NAME, SUP_SRVG_CODE, SRV_BK_DESC, SRV_FUN_TYPE, SRV_CLASS_NAME, SRV_METHOD_NAME, CHECK_FLAG, AUTH_FLAG, SOC_FLAG, SALLOW_FLAG, LOG_LEVEL, RCD_STATE, APROV_TYPE, CUSTOM_RS_CODE) VALUES ('mo_ViewModuleActiongetCombineParam', '11', '获取合并参数', 7, 'com.wk.cd.module.action.ViewModuleAction', 'getCombineParam', 2, 2, 2, 3, 1, 1, 1, null);
INSERT INTO SV_SRV (SRV_NAME, SUP_SRVG_CODE, SRV_BK_DESC, SRV_FUN_TYPE, SRV_CLASS_NAME, SRV_METHOD_NAME, CHECK_FLAG, AUTH_FLAG, SOC_FLAG, SALLOW_FLAG, LOG_LEVEL, RCD_STATE, APROV_TYPE, CUSTOM_RS_CODE) VALUES ('mo_ViewModuleActiongetGroupDetail', '11', '查看组件组详细信息', 7, 'com.wk.cd.module.action.ViewModuleAction', 'getGroupDetail', 2, 2, 2, 3, 1, 1, 1, null);
INSERT INTO SV_SRV (SRV_NAME, SUP_SRVG_CODE, SRV_BK_DESC, SRV_FUN_TYPE, SRV_CLASS_NAME, SRV_METHOD_NAME, CHECK_FLAG, AUTH_FLAG, SOC_FLAG, SALLOW_FLAG, LOG_LEVEL, RCD_STATE, APROV_TYPE, CUSTOM_RS_CODE) VALUES ('mo_ViewModuleActiongetGroupListDetail', '11', '查看组件组列表信息', 7, 'com.wk.cd.module.action.ViewModuleAction', 'getGroupListDetail', 2, 2, 2, 3, 1, 1, 1, null);
INSERT INTO SV_SRV (SRV_NAME, SUP_SRVG_CODE, SRV_BK_DESC, SRV_FUN_TYPE, SRV_CLASS_NAME, SRV_METHOD_NAME, CHECK_FLAG, AUTH_FLAG, SOC_FLAG, SALLOW_FLAG, LOG_LEVEL, RCD_STATE, APROV_TYPE, CUSTOM_RS_CODE) VALUES ('mo_ViewModuleActiongetModuleDetail', '11', '查看组件详细信息', 7, 'com.wk.cd.module.action.ViewModuleAction', 'getModuleDetail', 2, 2, 2, 3, 1, 1, 1, null);
INSERT INTO SV_SRV (SRV_NAME, SUP_SRVG_CODE, SRV_BK_DESC, SRV_FUN_TYPE, SRV_CLASS_NAME, SRV_METHOD_NAME, CHECK_FLAG, AUTH_FLAG, SOC_FLAG, SALLOW_FLAG, LOG_LEVEL, RCD_STATE, APROV_TYPE, CUSTOM_RS_CODE) VALUES ('mo_ViewModuleActiongetModuleFileDirectory', '11', '获得导入组件目录', 7, 'com.wk.cd.module.action.ViewModuleAction', 'getModuleFileDirectory', 2, 2, 2, 3, 1, 1, 1, null);
INSERT INTO SV_SRV (SRV_NAME, SUP_SRVG_CODE, SRV_BK_DESC, SRV_FUN_TYPE, SRV_CLASS_NAME, SRV_METHOD_NAME, CHECK_FLAG, AUTH_FLAG, SOC_FLAG, SALLOW_FLAG, LOG_LEVEL, RCD_STATE, APROV_TYPE, CUSTOM_RS_CODE) VALUES ('mo_ViewModuleActiongetModuleListDetail', '11', '查看组件列表详细信息', 7, 'com.wk.cd.module.action.ViewModuleAction', 'getModuleListDetail', 2, 2, 2, 3, 1, 1, 1, null);
INSERT INTO SV_SRV (SRV_NAME, SUP_SRVG_CODE, SRV_BK_DESC, SRV_FUN_TYPE, SRV_CLASS_NAME, SRV_METHOD_NAME, CHECK_FLAG, AUTH_FLAG, SOC_FLAG, SALLOW_FLAG, LOG_LEVEL, RCD_STATE, APROV_TYPE, CUSTOM_RS_CODE) VALUES ('mo_ViewModuleActiongetModuleParam', '11', '根据组件ID查询参数列表', 7, 'com.wk.cd.module.action.ViewModuleAction', 'getModuleParam', 2, 2, 2, 3, 1, 1, 1, null);
INSERT INTO SV_SRV (SRV_NAME, SUP_SRVG_CODE, SRV_BK_DESC, SRV_FUN_TYPE, SRV_CLASS_NAME, SRV_METHOD_NAME, CHECK_FLAG, AUTH_FLAG, SOC_FLAG, SALLOW_FLAG, LOG_LEVEL, RCD_STATE, APROV_TYPE, CUSTOM_RS_CODE) VALUES ('mo_ViewModuleActiongetTemplateDetail', '11', '查看流程模板详细信息', 7, 'com.wk.cd.module.action.ViewModuleAction', 'getTemplateDetail', 1, 1, 2, 3, 3, 1, 1, null);
INSERT INTO SV_SRV (SRV_NAME, SUP_SRVG_CODE, SRV_BK_DESC, SRV_FUN_TYPE, SRV_CLASS_NAME, SRV_METHOD_NAME, CHECK_FLAG, AUTH_FLAG, SOC_FLAG, SALLOW_FLAG, LOG_LEVEL, RCD_STATE, APROV_TYPE, CUSTOM_RS_CODE) VALUES ('mo_ViewModuleActiongetTestPacakageDirectory', '11', '测试组件或组件组投产包临时上传目录', 7, 'com.wk.cd.module.action.ViewModuleAction', 'getTestPacakageDirectory', 2, 2, 2, 3, 1, 1, 1, null);
INSERT INTO SV_SRV (SRV_NAME, SUP_SRVG_CODE, SRV_BK_DESC, SRV_FUN_TYPE, SRV_CLASS_NAME, SRV_METHOD_NAME, CHECK_FLAG, AUTH_FLAG, SOC_FLAG, SALLOW_FLAG, LOG_LEVEL, RCD_STATE, APROV_TYPE, CUSTOM_RS_CODE) VALUES ('mo_ViewModuleActionqueryGeneralParamById', '11', '根据组件或组件组ID查看全局参数列表', 7, 'com.wk.cd.module.action.ViewModuleAction', 'queryGeneralParamById', 2, 2, 2, 3, 1, 1, 1, null);
INSERT INTO SV_SRV (SRV_NAME, SUP_SRVG_CODE, SRV_BK_DESC, SRV_FUN_TYPE, SRV_CLASS_NAME, SRV_METHOD_NAME, CHECK_FLAG, AUTH_FLAG, SOC_FLAG, SALLOW_FLAG, LOG_LEVEL, RCD_STATE, APROV_TYPE, CUSTOM_RS_CODE) VALUES ('mo_ViewModuleActionqueryGroupList', '11', '查看组件组列表', 7, 'com.wk.cd.module.action.ViewModuleAction', 'queryGroupList', 2, 2, 2, 3, 1, 1, 1, null);
INSERT INTO SV_SRV (SRV_NAME, SUP_SRVG_CODE, SRV_BK_DESC, SRV_FUN_TYPE, SRV_CLASS_NAME, SRV_METHOD_NAME, CHECK_FLAG, AUTH_FLAG, SOC_FLAG, SALLOW_FLAG, LOG_LEVEL, RCD_STATE, APROV_TYPE, CUSTOM_RS_CODE) VALUES ('mo_ViewModuleActionqueryModuleList', '11', '查看组件列表', 7, 'com.wk.cd.module.action.ViewModuleAction', 'queryModuleList', 2, 2, 2, 3, 1, 1, 1, null);
INSERT INTO SV_SRV (SRV_NAME, SUP_SRVG_CODE, SRV_BK_DESC, SRV_FUN_TYPE, SRV_CLASS_NAME, SRV_METHOD_NAME, CHECK_FLAG, AUTH_FLAG, SOC_FLAG, SALLOW_FLAG, LOG_LEVEL, RCD_STATE, APROV_TYPE, CUSTOM_RS_CODE) VALUES ('mo_ViewModuleActionqueryPublishedModuleByType', '11', '查看已发布组件(组)', 7, 'com.wk.cd.module.action.ViewModuleAction', 'queryPublishedModuleByType', 2, 2, 2, 3, 1, 1, 1, null);
INSERT INTO SV_SRV (SRV_NAME, SUP_SRVG_CODE, SRV_BK_DESC, SRV_FUN_TYPE, SRV_CLASS_NAME, SRV_METHOD_NAME, CHECK_FLAG, AUTH_FLAG, SOC_FLAG, SALLOW_FLAG, LOG_LEVEL, RCD_STATE, APROV_TYPE, CUSTOM_RS_CODE) VALUES ('mo_ViewModuleActionquerySoc', '11', '查看合适数据源列表', 7, 'com.wk.cd.module.action.ViewModuleAction', 'querySoc', 1, 1, 2, 3, 3, 1, 1, null);
INSERT INTO SV_SRV (SRV_NAME, SUP_SRVG_CODE, SRV_BK_DESC, SRV_FUN_TYPE, SRV_CLASS_NAME, SRV_METHOD_NAME, CHECK_FLAG, AUTH_FLAG, SOC_FLAG, SALLOW_FLAG, LOG_LEVEL, RCD_STATE, APROV_TYPE, CUSTOM_RS_CODE) VALUES ('mo_ViewModuleActionQuerySocByType', '11', '根查看合适数据源列表', 7, 'com.wk.cd.module.action.ViewModuleAction', 'querySocByType', 2, 2, 2, 3, 1, 1, 1, null);
INSERT INTO SV_SRV (SRV_NAME, SUP_SRVG_CODE, SRV_BK_DESC, SRV_FUN_TYPE, SRV_CLASS_NAME, SRV_METHOD_NAME, CHECK_FLAG, AUTH_FLAG, SOC_FLAG, SALLOW_FLAG, LOG_LEVEL, RCD_STATE, APROV_TYPE, CUSTOM_RS_CODE) VALUES ('mo_ViewMonitorModuleActionmoitorModuleTestMsg', '11', '组件组件组测试监控', 7, 'com.wk.cd.module.action.ViewMonitorModuleAction', 'moitorModuleTestMsg', 1, 1, 2, 3, 3, 1, 1, null);
INSERT INTO SV_SRV (SRV_NAME, SUP_SRVG_CODE, SRV_BK_DESC, SRV_FUN_TYPE, SRV_CLASS_NAME, SRV_METHOD_NAME, CHECK_FLAG, AUTH_FLAG, SOC_FLAG, SALLOW_FLAG, LOG_LEVEL, RCD_STATE, APROV_TYPE, CUSTOM_RS_CODE) VALUES ('mo_ViewMonitorModuleActionMoitorModuleTestMsg', '11', '组件组件组测试监控', 7, 'com.wk.cd.module.action.ViewMonitorModuleAction', 'moitorModuleTestMsg', 1, 1, 2, 3, 3, 1, 1, null);
INSERT INTO SV_SRV (SRV_NAME, SUP_SRVG_CODE, SRV_BK_DESC, SRV_FUN_TYPE, SRV_CLASS_NAME, SRV_METHOD_NAME, CHECK_FLAG, AUTH_FLAG, SOC_FLAG, SALLOW_FLAG, LOG_LEVEL, RCD_STATE, APROV_TYPE, CUSTOM_RS_CODE) VALUES ('mo_ViewTemplateActioncheckTemplateName', '11', '检查模版名是否存在', 7, 'com.wk.cd.module.action.ViewTemplateAction', 'checkTemplateName', 2, 2, 2, 3, 1, 1, 1, null);
INSERT INTO SV_SRV (SRV_NAME, SUP_SRVG_CODE, SRV_BK_DESC, SRV_FUN_TYPE, SRV_CLASS_NAME, SRV_METHOD_NAME, CHECK_FLAG, AUTH_FLAG, SOC_FLAG, SALLOW_FLAG, LOG_LEVEL, RCD_STATE, APROV_TYPE, CUSTOM_RS_CODE) VALUES ('mo_ViewTemplateActionGetTemplateNamesByType', '11', '根据类型查看模板列表', 5, 'com.wk.cd.module.action.ViewTemplateAction', 'getTemplateNamesByType', 2, 2, 2, 3, 1, 1, 1, null);
INSERT INTO SV_SRV (SRV_NAME, SUP_SRVG_CODE, SRV_BK_DESC, SRV_FUN_TYPE, SRV_CLASS_NAME, SRV_METHOD_NAME, CHECK_FLAG, AUTH_FLAG, SOC_FLAG, SALLOW_FLAG, LOG_LEVEL, RCD_STATE, APROV_TYPE, CUSTOM_RS_CODE) VALUES ('rs_ListResAction', '04', '浏览单个功能点或全部信息信息', 6, 'com.wk.cd.system.rs.action.ListResAction', null, 2, 2, 2, 3, 1, 1, 1, null);
INSERT INTO SV_SRV (SRV_NAME, SUP_SRVG_CODE, SRV_BK_DESC, SRV_FUN_TYPE, SRV_CLASS_NAME, SRV_METHOD_NAME, CHECK_FLAG, AUTH_FLAG, SOC_FLAG, SALLOW_FLAG, LOG_LEVEL, RCD_STATE, APROV_TYPE, CUSTOM_RS_CODE) VALUES ('rs_ListSubOptAction', '04', '查询资源下级操作列表信息', 6, 'com.wk.cd.system.rs.action.ListSubOptAction', null, 2, 2, 2, 3, 1, 1, 1, null);
INSERT INTO SV_SRV (SRV_NAME, SUP_SRVG_CODE, SRV_BK_DESC, SRV_FUN_TYPE, SRV_CLASS_NAME, SRV_METHOD_NAME, CHECK_FLAG, AUTH_FLAG, SOC_FLAG, SALLOW_FLAG, LOG_LEVEL, RCD_STATE, APROV_TYPE, CUSTOM_RS_CODE) VALUES ('rs_QueryRsOptPrivAction', '01', '查询用户资源操作权限', 6, 'com.wk.cd.system.rs.action.QueryRsOptPrivAction', null, 2, 2, 2, 3, 1, 1, 1, null);
INSERT INTO SV_SRV (SRV_NAME, SUP_SRVG_CODE, SRV_BK_DESC, SRV_FUN_TYPE, SRV_CLASS_NAME, SRV_METHOD_NAME, CHECK_FLAG, AUTH_FLAG, SOC_FLAG, SALLOW_FLAG, LOG_LEVEL, RCD_STATE, APROV_TYPE, CUSTOM_RS_CODE) VALUES ('rs_UpdateRsResAction', '04', '修改资源信息', 6, 'com.wk.cd.system.rs.action.UpdateRsResAction', null, 1, 1, 2, 3, 3, 1, 1, null);
INSERT INTO SV_SRV (SRV_NAME, SUP_SRVG_CODE, SRV_BK_DESC, SRV_FUN_TYPE, SRV_CLASS_NAME, SRV_METHOD_NAME, CHECK_FLAG, AUTH_FLAG, SOC_FLAG, SALLOW_FLAG, LOG_LEVEL, RCD_STATE, APROV_TYPE, CUSTOM_RS_CODE) VALUES ('sv_AddSrvgAction', '06', '新增服务组信息', 6, 'com.wk.cd.system.sv.action.AddSrvgAction', null, 1, 1, 2, 3, 3, 1, 1, null);
INSERT INTO SV_SRV (SRV_NAME, SUP_SRVG_CODE, SRV_BK_DESC, SRV_FUN_TYPE, SRV_CLASS_NAME, SRV_METHOD_NAME, CHECK_FLAG, AUTH_FLAG, SOC_FLAG, SALLOW_FLAG, LOG_LEVEL, RCD_STATE, APROV_TYPE, CUSTOM_RS_CODE) VALUES ('sv_DeleteSrvAction', '06', '删除服务', 6, 'com.wk.cd.system.sv.action.DeleteSrvAction', null, 1, 1, 2, 3, 4, 1, 1, null);
INSERT INTO SV_SRV (SRV_NAME, SUP_SRVG_CODE, SRV_BK_DESC, SRV_FUN_TYPE, SRV_CLASS_NAME, SRV_METHOD_NAME, CHECK_FLAG, AUTH_FLAG, SOC_FLAG, SALLOW_FLAG, LOG_LEVEL, RCD_STATE, APROV_TYPE, CUSTOM_RS_CODE) VALUES ('sv_DeleteSrvgAction', '06', '删除服务组信息', 6, 'com.wk.cd.system.sv.action.DeleteSrvgAction', null, 1, 1, 2, 3, 4, 1, 1, null);
INSERT INTO SV_SRV (SRV_NAME, SUP_SRVG_CODE, SRV_BK_DESC, SRV_FUN_TYPE, SRV_CLASS_NAME, SRV_METHOD_NAME, CHECK_FLAG, AUTH_FLAG, SOC_FLAG, SALLOW_FLAG, LOG_LEVEL, RCD_STATE, APROV_TYPE, CUSTOM_RS_CODE) VALUES ('sv_ListSubSrvAction', '06', '查询服务组包含服务列表信息', 6, 'com.wk.cd.system.sv.action.ListSubSrvAction', null, 2, 2, 2, 3, 1, 1, 1, null);
INSERT INTO SV_SRV (SRV_NAME, SUP_SRVG_CODE, SRV_BK_DESC, SRV_FUN_TYPE, SRV_CLASS_NAME, SRV_METHOD_NAME, CHECK_FLAG, AUTH_FLAG, SOC_FLAG, SALLOW_FLAG, LOG_LEVEL, RCD_STATE, APROV_TYPE, CUSTOM_RS_CODE) VALUES ('sv_PageSrvByFunTypeAction', '06', '根据类型查询服务', 6, 'com.wk.cd.system.sv.action.PageSrvByFunTypeAction', null, 2, 2, 2, 3, 1, 1, 1, null);
INSERT INTO SV_SRV (SRV_NAME, SUP_SRVG_CODE, SRV_BK_DESC, SRV_FUN_TYPE, SRV_CLASS_NAME, SRV_METHOD_NAME, CHECK_FLAG, AUTH_FLAG, SOC_FLAG, SALLOW_FLAG, LOG_LEVEL, RCD_STATE, APROV_TYPE, CUSTOM_RS_CODE) VALUES ('sv_PageSrvgAction', '06', '分页查询服务组列表', 6, 'com.wk.cd.system.sv.action.PageSrvgAction', null, 2, 2, 2, 3, 1, 1, 1, null);
INSERT INTO SV_SRV (SRV_NAME, SUP_SRVG_CODE, SRV_BK_DESC, SRV_FUN_TYPE, SRV_CLASS_NAME, SRV_METHOD_NAME, CHECK_FLAG, AUTH_FLAG, SOC_FLAG, SALLOW_FLAG, LOG_LEVEL, RCD_STATE, APROV_TYPE, CUSTOM_RS_CODE) VALUES ('sv_QuerySrvByNameAction', '06', '按照服务名称查询服务信息', 6, 'com.wk.cd.system.sv.action.QuerySrvByNameAction', null, 2, 2, 2, 3, 1, 1, 1, null);
INSERT INTO SV_SRV (SRV_NAME, SUP_SRVG_CODE, SRV_BK_DESC, SRV_FUN_TYPE, SRV_CLASS_NAME, SRV_METHOD_NAME, CHECK_FLAG, AUTH_FLAG, SOC_FLAG, SALLOW_FLAG, LOG_LEVEL, RCD_STATE, APROV_TYPE, CUSTOM_RS_CODE) VALUES ('sv_QuerySrvgAction', '06', '查询服务组信息', 6, 'com.wk.cd.system.sv.action.QuerySrvgAction', null, 2, 2, 2, 3, 1, 1, 1, null);
INSERT INTO SV_SRV (SRV_NAME, SUP_SRVG_CODE, SRV_BK_DESC, SRV_FUN_TYPE, SRV_CLASS_NAME, SRV_METHOD_NAME, CHECK_FLAG, AUTH_FLAG, SOC_FLAG, SALLOW_FLAG, LOG_LEVEL, RCD_STATE, APROV_TYPE, CUSTOM_RS_CODE) VALUES ('sv_UpdateSrvgAction', '06', '修改服务组信息', 6, 'com.wk.cd.system.sv.action.UpdateSrvgAction', null, 1, 1, 2, 3, 3, 1, 1, null);
INSERT INTO SV_SRV (SRV_NAME, SUP_SRVG_CODE, SRV_BK_DESC, SRV_FUN_TYPE, SRV_CLASS_NAME, SRV_METHOD_NAME, CHECK_FLAG, AUTH_FLAG, SOC_FLAG, SALLOW_FLAG, LOG_LEVEL, RCD_STATE, APROV_TYPE, CUSTOM_RS_CODE) VALUES ('tm_AddTermAction', '08', '新增终端', 6, 'com.wk.cd.system.tm.action.AddTermAction', null, 1, 1, 2, 3, 3, 1, 1, null);
INSERT INTO SV_SRV (SRV_NAME, SUP_SRVG_CODE, SRV_BK_DESC, SRV_FUN_TYPE, SRV_CLASS_NAME, SRV_METHOD_NAME, CHECK_FLAG, AUTH_FLAG, SOC_FLAG, SALLOW_FLAG, LOG_LEVEL, RCD_STATE, APROV_TYPE, CUSTOM_RS_CODE) VALUES ('tm_DeleteTermAction', '08', '删除终端', 6, 'com.wk.cd.system.tm.action.DeleteTermAction', null, 1, 1, 2, 3, 4, 1, 1, null);
INSERT INTO SV_SRV (SRV_NAME, SUP_SRVG_CODE, SRV_BK_DESC, SRV_FUN_TYPE, SRV_CLASS_NAME, SRV_METHOD_NAME, CHECK_FLAG, AUTH_FLAG, SOC_FLAG, SALLOW_FLAG, LOG_LEVEL, RCD_STATE, APROV_TYPE, CUSTOM_RS_CODE) VALUES ('tm_PageTermAction', '08', '分页查询终端配置表', 6, 'com.wk.cd.system.tm.action.PageTermAction', null, 2, 2, 2, 3, 1, 1, 1, null);
INSERT INTO SV_SRV (SRV_NAME, SUP_SRVG_CODE, SRV_BK_DESC, SRV_FUN_TYPE, SRV_CLASS_NAME, SRV_METHOD_NAME, CHECK_FLAG, AUTH_FLAG, SOC_FLAG, SALLOW_FLAG, LOG_LEVEL, RCD_STATE, APROV_TYPE, CUSTOM_RS_CODE) VALUES ('tm_QueryTermByTermNoAction', '08', '根据终端号查询终端的详细信息', 6, 'com.wk.cd.system.tm.action.QueryTermByTermNoAction', null, 2, 2, 2, 3, 1, 1, 1, null);
INSERT INTO SV_SRV (SRV_NAME, SUP_SRVG_CODE, SRV_BK_DESC, SRV_FUN_TYPE, SRV_CLASS_NAME, SRV_METHOD_NAME, CHECK_FLAG, AUTH_FLAG, SOC_FLAG, SALLOW_FLAG, LOG_LEVEL, RCD_STATE, APROV_TYPE, CUSTOM_RS_CODE) VALUES ('tm_UpdateTermAction', '08', '更新终端', 6, 'com.wk.cd.system.tm.action.UpdateTermAction', null, 1, 1, 2, 3, 3, 1, 1, null);
INSERT INTO SV_SRV (SRV_NAME, SUP_SRVG_CODE, SRV_BK_DESC, SRV_FUN_TYPE, SRV_CLASS_NAME, SRV_METHOD_NAME, CHECK_FLAG, AUTH_FLAG, SOC_FLAG, SALLOW_FLAG, LOG_LEVEL, RCD_STATE, APROV_TYPE, CUSTOM_RS_CODE) VALUES ('us_AddDprlAction', '03', '实现新增部门角色功能', 6, 'com.wk.cd.system.us.action.AddDprlAction', null, 1, 1, 2, 3, 3, 1, 1, null);
INSERT INTO SV_SRV (SRV_NAME, SUP_SRVG_CODE, SRV_BK_DESC, SRV_FUN_TYPE, SRV_CLASS_NAME, SRV_METHOD_NAME, CHECK_FLAG, AUTH_FLAG, SOC_FLAG, SALLOW_FLAG, LOG_LEVEL, RCD_STATE, APROV_TYPE, CUSTOM_RS_CODE) VALUES ('us_AddUserAction', '03', '新增用户', 6, 'com.wk.cd.system.us.action.AddUserAction', null, 1, 1, 2, 3, 3, 1, 1, null);
INSERT INTO SV_SRV (SRV_NAME, SUP_SRVG_CODE, SRV_BK_DESC, SRV_FUN_TYPE, SRV_CLASS_NAME, SRV_METHOD_NAME, CHECK_FLAG, AUTH_FLAG, SOC_FLAG, SALLOW_FLAG, LOG_LEVEL, RCD_STATE, APROV_TYPE, CUSTOM_RS_CODE) VALUES ('us_AddUserContactAction', '03', '添加用户常用联系人', 6, 'com.wk.cd.system.us.action.AddUserContactAction', null, 1, 1, 2, 3, 3, 1, 1, null);
INSERT INTO SV_SRV (SRV_NAME, SUP_SRVG_CODE, SRV_BK_DESC, SRV_FUN_TYPE, SRV_CLASS_NAME, SRV_METHOD_NAME, CHECK_FLAG, AUTH_FLAG, SOC_FLAG, SALLOW_FLAG, LOG_LEVEL, RCD_STATE, APROV_TYPE, CUSTOM_RS_CODE) VALUES ('us_AddUserTermAction', '03', '新增用户接入终端', 6, 'com.wk.cd.system.us.action.AddUserTermAction', null, 1, 1, 2, 3, 3, 1, 1, null);
INSERT INTO SV_SRV (SRV_NAME, SUP_SRVG_CODE, SRV_BK_DESC, SRV_FUN_TYPE, SRV_CLASS_NAME, SRV_METHOD_NAME, CHECK_FLAG, AUTH_FLAG, SOC_FLAG, SALLOW_FLAG, LOG_LEVEL, RCD_STATE, APROV_TYPE, CUSTOM_RS_CODE) VALUES ('us_DelayTempColAction', '03', '临时col列申请延期', 6, 'com.wk.cd.system.us.action.DelayTempColAction', null, 1, 1, 2, 3, 3, 1, 1, null);
INSERT INTO SV_SRV (SRV_NAME, SUP_SRVG_CODE, SRV_BK_DESC, SRV_FUN_TYPE, SRV_CLASS_NAME, SRV_METHOD_NAME, CHECK_FLAG, AUTH_FLAG, SOC_FLAG, SALLOW_FLAG, LOG_LEVEL, RCD_STATE, APROV_TYPE, CUSTOM_RS_CODE) VALUES ('us_DelayTempRsAction', '03', '临时资源申请延期', 6, 'com.wk.cd.system.us.action.DelayTempRsAction', null, 1, 1, 2, 3, 3, 1, 1, null);
INSERT INTO SV_SRV (SRV_NAME, SUP_SRVG_CODE, SRV_BK_DESC, SRV_FUN_TYPE, SRV_CLASS_NAME, SRV_METHOD_NAME, CHECK_FLAG, AUTH_FLAG, SOC_FLAG, SALLOW_FLAG, LOG_LEVEL, RCD_STATE, APROV_TYPE, CUSTOM_RS_CODE) VALUES ('us_DelayTempSocAction', '03', '临时数据源申请延期', 6, 'com.wk.cd.system.us.action.DelayTempSocAction', null, 1, 1, 2, 3, 3, 1, 1, null);
INSERT INTO SV_SRV (SRV_NAME, SUP_SRVG_CODE, SRV_BK_DESC, SRV_FUN_TYPE, SRV_CLASS_NAME, SRV_METHOD_NAME, CHECK_FLAG, AUTH_FLAG, SOC_FLAG, SALLOW_FLAG, LOG_LEVEL, RCD_STATE, APROV_TYPE, CUSTOM_RS_CODE) VALUES ('us_DelayTempSqlAction', '03', '临时sql表申请延期', 6, 'com.wk.cd.system.us.action.DelayTempSqlAction', null, 1, 1, 2, 3, 3, 1, 1, null);
INSERT INTO SV_SRV (SRV_NAME, SUP_SRVG_CODE, SRV_BK_DESC, SRV_FUN_TYPE, SRV_CLASS_NAME, SRV_METHOD_NAME, CHECK_FLAG, AUTH_FLAG, SOC_FLAG, SALLOW_FLAG, LOG_LEVEL, RCD_STATE, APROV_TYPE, CUSTOM_RS_CODE) VALUES ('us_DeleteDprlAction', '03', '实现删除部门角色功能', 6, 'com.wk.cd.system.us.action.DeleteDprlAction', null, 1, 1, 2, 3, 4, 1, 1, null);
INSERT INTO SV_SRV (SRV_NAME, SUP_SRVG_CODE, SRV_BK_DESC, SRV_FUN_TYPE, SRV_CLASS_NAME, SRV_METHOD_NAME, CHECK_FLAG, AUTH_FLAG, SOC_FLAG, SALLOW_FLAG, LOG_LEVEL, RCD_STATE, APROV_TYPE, CUSTOM_RS_CODE) VALUES ('us_DeleteUserAction', '03', '删除用户', 6, 'com.wk.cd.system.us.action.DeleteUserAction', null, 1, 1, 2, 3, 4, 1, 1, null);
INSERT INTO SV_SRV (SRV_NAME, SUP_SRVG_CODE, SRV_BK_DESC, SRV_FUN_TYPE, SRV_CLASS_NAME, SRV_METHOD_NAME, CHECK_FLAG, AUTH_FLAG, SOC_FLAG, SALLOW_FLAG, LOG_LEVEL, RCD_STATE, APROV_TYPE, CUSTOM_RS_CODE) VALUES ('us_DeleteUserContactAction', '03', '删除用户常用联系人', 6, 'com.wk.cd.system.us.action.DeleteUserContactAction', null, 1, 1, 2, 3, 4, 1, 1, null);
INSERT INTO SV_SRV (SRV_NAME, SUP_SRVG_CODE, SRV_BK_DESC, SRV_FUN_TYPE, SRV_CLASS_NAME, SRV_METHOD_NAME, CHECK_FLAG, AUTH_FLAG, SOC_FLAG, SALLOW_FLAG, LOG_LEVEL, RCD_STATE, APROV_TYPE, CUSTOM_RS_CODE) VALUES ('us_DeleteUserTermAction', '03', '删除用户接入终端', 6, 'com.wk.cd.system.us.action.DeleteUserTermAction', null, 1, 1, 2, 3, 4, 1, 1, null);
INSERT INTO SV_SRV (SRV_NAME, SUP_SRVG_CODE, SRV_BK_DESC, SRV_FUN_TYPE, SRV_CLASS_NAME, SRV_METHOD_NAME, CHECK_FLAG, AUTH_FLAG, SOC_FLAG, SALLOW_FLAG, LOG_LEVEL, RCD_STATE, APROV_TYPE, CUSTOM_RS_CODE) VALUES ('us_PageExtDprlListAction', '03', '查询部门角色扩展信息列表', 6, 'com.wk.cd.system.us.action.PageExtDprlListAction', null, 2, 2, 2, 3, 1, 1, 1, null);
INSERT INTO SV_SRV (SRV_NAME, SUP_SRVG_CODE, SRV_BK_DESC, SRV_FUN_TYPE, SRV_CLASS_NAME, SRV_METHOD_NAME, CHECK_FLAG, AUTH_FLAG, SOC_FLAG, SALLOW_FLAG, LOG_LEVEL, RCD_STATE, APROV_TYPE, CUSTOM_RS_CODE) VALUES ('us_PageExtUserListAction', '01', '查询用户所属部门及以下所有用户', 6, 'com.wk.cd.system.us.action.PageExtUserListAction', null, 2, 2, 2, 3, 1, 1, 1, null);
INSERT INTO SV_SRV (SRV_NAME, SUP_SRVG_CODE, SRV_BK_DESC, SRV_FUN_TYPE, SRV_CLASS_NAME, SRV_METHOD_NAME, CHECK_FLAG, AUTH_FLAG, SOC_FLAG, SALLOW_FLAG, LOG_LEVEL, RCD_STATE, APROV_TYPE, CUSTOM_RS_CODE) VALUES ('us_PageUserTermAction', '03', '分页查询用户接入终端列表', 6, 'com.wk.cd.system.us.action.PageUserTermAction', null, 2, 2, 2, 3, 1, 1, 1, null);
INSERT INTO SV_SRV (SRV_NAME, SUP_SRVG_CODE, SRV_BK_DESC, SRV_FUN_TYPE, SRV_CLASS_NAME, SRV_METHOD_NAME, CHECK_FLAG, AUTH_FLAG, SOC_FLAG, SALLOW_FLAG, LOG_LEVEL, RCD_STATE, APROV_TYPE, CUSTOM_RS_CODE) VALUES ('us_QueryAllRoleAction', '03', '查询所有角色', 6, 'com.wk.cd.system.us.action.QueryAllRoleAction', null, 2, 2, 2, 3, 1, 1, 1, null);
INSERT INTO SV_SRV (SRV_NAME, SUP_SRVG_CODE, SRV_BK_DESC, SRV_FUN_TYPE, SRV_CLASS_NAME, SRV_METHOD_NAME, CHECK_FLAG, AUTH_FLAG, SOC_FLAG, SALLOW_FLAG, LOG_LEVEL, RCD_STATE, APROV_TYPE, CUSTOM_RS_CODE) VALUES ('us_QueryAllUserInfosAction', '03', '查询所有用户信息', 6, 'com.wk.cd.system.us.action.QueryAllUserInfosAction', null, 2, 2, 2, 3, 1, 1, 1, null);
INSERT INTO SV_SRV (SRV_NAME, SUP_SRVG_CODE, SRV_BK_DESC, SRV_FUN_TYPE, SRV_CLASS_NAME, SRV_METHOD_NAME, CHECK_FLAG, AUTH_FLAG, SOC_FLAG, SALLOW_FLAG, LOG_LEVEL, RCD_STATE, APROV_TYPE, CUSTOM_RS_CODE) VALUES ('us_QueryDprlAction', '03', '查询部门角色', 6, 'com.wk.cd.system.us.action.QueryDprlAction', null, 2, 2, 2, 3, 1, 1, 1, null);
INSERT INTO SV_SRV (SRV_NAME, SUP_SRVG_CODE, SRV_BK_DESC, SRV_FUN_TYPE, SRV_CLASS_NAME, SRV_METHOD_NAME, CHECK_FLAG, AUTH_FLAG, SOC_FLAG, SALLOW_FLAG, LOG_LEVEL, RCD_STATE, APROV_TYPE, CUSTOM_RS_CODE) VALUES ('us_QueryDprlInfoAction', '03', '查询部门角色详细信息', 6, 'com.wk.cd.system.us.action.QueryDprlInfoAction', null, 2, 2, 2, 3, 1, 1, 1, null);
INSERT INTO SV_SRV (SRV_NAME, SUP_SRVG_CODE, SRV_BK_DESC, SRV_FUN_TYPE, SRV_CLASS_NAME, SRV_METHOD_NAME, CHECK_FLAG, AUTH_FLAG, SOC_FLAG, SALLOW_FLAG, LOG_LEVEL, RCD_STATE, APROV_TYPE, CUSTOM_RS_CODE) VALUES ('us_QueryDprlPrivAction', '03', '实现部门角色权限查询', 6, 'com.wk.cd.system.us.action.QueryDprlPrivAction', null, 2, 2, 2, 3, 1, 1, 1, null);
INSERT INTO SV_SRV (SRV_NAME, SUP_SRVG_CODE, SRV_BK_DESC, SRV_FUN_TYPE, SRV_CLASS_NAME, SRV_METHOD_NAME, CHECK_FLAG, AUTH_FLAG, SOC_FLAG, SALLOW_FLAG, LOG_LEVEL, RCD_STATE, APROV_TYPE, CUSTOM_RS_CODE) VALUES ('us_QueryExtDprlListByDeptIdAction', '03', '根据部门列表查部门角色信息', 6, 'com.wk.cd.system.us.action.QueryExtDprlListByDeptIdAction', null, 2, 2, 2, 3, 1, 1, 1, null);
INSERT INTO SV_SRV (SRV_NAME, SUP_SRVG_CODE, SRV_BK_DESC, SRV_FUN_TYPE, SRV_CLASS_NAME, SRV_METHOD_NAME, CHECK_FLAG, AUTH_FLAG, SOC_FLAG, SALLOW_FLAG, LOG_LEVEL, RCD_STATE, APROV_TYPE, CUSTOM_RS_CODE) VALUES ('us_QueryFirstNavigagePrivAction', '01', '查询用户一级导航权限', 6, 'com.wk.cd.system.us.action.QueryFirstNavigagePrivAction', null, 2, 2, 2, 3, 1, 1, 1, null);
INSERT INTO SV_SRV (SRV_NAME, SUP_SRVG_CODE, SRV_BK_DESC, SRV_FUN_TYPE, SRV_CLASS_NAME, SRV_METHOD_NAME, CHECK_FLAG, AUTH_FLAG, SOC_FLAG, SALLOW_FLAG, LOG_LEVEL, RCD_STATE, APROV_TYPE, CUSTOM_RS_CODE) VALUES ('us_QueryRsPrivAction', '01', '根据用户名查询用户拥有的权限', 6, 'com.wk.cd.system.us.action.QueryRsPrivAction', null, 2, 2, 2, 3, 1, 1, 1, null);
INSERT INTO SV_SRV (SRV_NAME, SUP_SRVG_CODE, SRV_BK_DESC, SRV_FUN_TYPE, SRV_CLASS_NAME, SRV_METHOD_NAME, CHECK_FLAG, AUTH_FLAG, SOC_FLAG, SALLOW_FLAG, LOG_LEVEL, RCD_STATE, APROV_TYPE, CUSTOM_RS_CODE) VALUES ('us_QueryUserByUserIdAction', '03', '根据用户名查询用户的详细信息', 6, 'com.wk.cd.system.us.action.QueryUserByUserIdAction', null, 2, 2, 2, 3, 1, 1, 1, null);
INSERT INTO SV_SRV (SRV_NAME, SUP_SRVG_CODE, SRV_BK_DESC, SRV_FUN_TYPE, SRV_CLASS_NAME, SRV_METHOD_NAME, CHECK_FLAG, AUTH_FLAG, SOC_FLAG, SALLOW_FLAG, LOG_LEVEL, RCD_STATE, APROV_TYPE, CUSTOM_RS_CODE) VALUES ('us_QueryUserContactAction', '03', '查询用户常用联系人', 6, 'com.wk.cd.system.us.action.QueryUserContactAction', null, 2, 2, 2, 3, 1, 1, 1, null);
INSERT INTO SV_SRV (SRV_NAME, SUP_SRVG_CODE, SRV_BK_DESC, SRV_FUN_TYPE, SRV_CLASS_NAME, SRV_METHOD_NAME, CHECK_FLAG, AUTH_FLAG, SOC_FLAG, SALLOW_FLAG, LOG_LEVEL, RCD_STATE, APROV_TYPE, CUSTOM_RS_CODE) VALUES ('us_QueryUserPendTermNo', '03', '查询待处理接入终端申请数', 6, 'com.wk.cd.system.us.action.QueryRsPrivAction', 'queryPendTermNum', 2, 2, 2, 3, 1, 1, 1, null);
INSERT INTO SV_SRV (SRV_NAME, SUP_SRVG_CODE, SRV_BK_DESC, SRV_FUN_TYPE, SRV_CLASS_NAME, SRV_METHOD_NAME, CHECK_FLAG, AUTH_FLAG, SOC_FLAG, SALLOW_FLAG, LOG_LEVEL, RCD_STATE, APROV_TYPE, CUSTOM_RS_CODE) VALUES ('us_QueryUserPrivAction', '03', '用户SQL、COL工作权限查询', 6, 'com.wk.cd.system.us.action.QueryUserPrivAction', null, 2, 2, 2, 3, 1, 1, 1, null);
INSERT INTO SV_SRV (SRV_NAME, SUP_SRVG_CODE, SRV_BK_DESC, SRV_FUN_TYPE, SRV_CLASS_NAME, SRV_METHOD_NAME, CHECK_FLAG, AUTH_FLAG, SOC_FLAG, SALLOW_FLAG, LOG_LEVEL, RCD_STATE, APROV_TYPE, CUSTOM_RS_CODE) VALUES ('us_QueryUserTempPrivAction', '03', '根据用户名查询用户临时权限', 6, 'com.wk.cd.system.us.action.QueryUserTempPrivAction', null, 2, 2, 2, 3, 1, 1, 1, null);
INSERT INTO SV_SRV (SRV_NAME, SUP_SRVG_CODE, SRV_BK_DESC, SRV_FUN_TYPE, SRV_CLASS_NAME, SRV_METHOD_NAME, CHECK_FLAG, AUTH_FLAG, SOC_FLAG, SALLOW_FLAG, LOG_LEVEL, RCD_STATE, APROV_TYPE, CUSTOM_RS_CODE) VALUES ('us_ResetPwdAction', '03', '重置密码', 6, 'com.wk.cd.system.us.action.ResetPwdAction', null, 1, 1, 2, 3, 4, 1, 1, null);
INSERT INTO SV_SRV (SRV_NAME, SUP_SRVG_CODE, SRV_BK_DESC, SRV_FUN_TYPE, SRV_CLASS_NAME, SRV_METHOD_NAME, CHECK_FLAG, AUTH_FLAG, SOC_FLAG, SALLOW_FLAG, LOG_LEVEL, RCD_STATE, APROV_TYPE, CUSTOM_RS_CODE) VALUES ('us_UpdateDprlAction', '03', '更改部门角色信息', 6, 'com.wk.cd.system.us.action.UpdateDprlAction', null, 1, 1, 2, 3, 3, 1, 1, null);
INSERT INTO SV_SRV (SRV_NAME, SUP_SRVG_CODE, SRV_BK_DESC, SRV_FUN_TYPE, SRV_CLASS_NAME, SRV_METHOD_NAME, CHECK_FLAG, AUTH_FLAG, SOC_FLAG, SALLOW_FLAG, LOG_LEVEL, RCD_STATE, APROV_TYPE, CUSTOM_RS_CODE) VALUES ('us_UpdateDprlColPrivAction', '03', '修改部门角色Col权限信息', 6, 'com.wk.cd.system.us.action.UpdateDprlColPrivAction', null, 1, 1, 2, 3, 3, 1, 1, null);
INSERT INTO SV_SRV (SRV_NAME, SUP_SRVG_CODE, SRV_BK_DESC, SRV_FUN_TYPE, SRV_CLASS_NAME, SRV_METHOD_NAME, CHECK_FLAG, AUTH_FLAG, SOC_FLAG, SALLOW_FLAG, LOG_LEVEL, RCD_STATE, APROV_TYPE, CUSTOM_RS_CODE) VALUES ('us_UpdateDprlRsOptPrivAction', '03', '修改部门角色资源及操作权限信息', 6, 'com.wk.cd.system.us.action.UpdateDprlRsOptPrivAction', null, 1, 1, 2, 3, 3, 1, 1, null);
INSERT INTO SV_SRV (SRV_NAME, SUP_SRVG_CODE, SRV_BK_DESC, SRV_FUN_TYPE, SRV_CLASS_NAME, SRV_METHOD_NAME, CHECK_FLAG, AUTH_FLAG, SOC_FLAG, SALLOW_FLAG, LOG_LEVEL, RCD_STATE, APROV_TYPE, CUSTOM_RS_CODE) VALUES ('us_UpdateDprlSocPrivAction', '03', '修改部门角色数据源权限信息', 6, 'com.wk.cd.system.us.action.UpdateDprlSocPrivAction', null, 1, 1, 2, 3, 3, 1, 1, null);
INSERT INTO SV_SRV (SRV_NAME, SUP_SRVG_CODE, SRV_BK_DESC, SRV_FUN_TYPE, SRV_CLASS_NAME, SRV_METHOD_NAME, CHECK_FLAG, AUTH_FLAG, SOC_FLAG, SALLOW_FLAG, LOG_LEVEL, RCD_STATE, APROV_TYPE, CUSTOM_RS_CODE) VALUES ('us_UpdateDprlSqlPrivAction', '03', '修改部门角色Sql权限信息', 6, 'com.wk.cd.system.us.action.UpdateDprlSqlPrivAction', null, 1, 1, 2, 3, 3, 1, 1, null);
INSERT INTO SV_SRV (SRV_NAME, SUP_SRVG_CODE, SRV_BK_DESC, SRV_FUN_TYPE, SRV_CLASS_NAME, SRV_METHOD_NAME, CHECK_FLAG, AUTH_FLAG, SOC_FLAG, SALLOW_FLAG, LOG_LEVEL, RCD_STATE, APROV_TYPE, CUSTOM_RS_CODE) VALUES ('us_UpdatePwdAction', '01', '修改用户密码', 6, 'com.wk.cd.system.us.action.UpdatePwdAction', null, 1, 1, 2, 3, 3, 1, 1, null);
INSERT INTO SV_SRV (SRV_NAME, SUP_SRVG_CODE, SRV_BK_DESC, SRV_FUN_TYPE, SRV_CLASS_NAME, SRV_METHOD_NAME, CHECK_FLAG, AUTH_FLAG, SOC_FLAG, SALLOW_FLAG, LOG_LEVEL, RCD_STATE, APROV_TYPE, CUSTOM_RS_CODE) VALUES ('us_UpdateUserAction', '03', '更改用户信息', 6, 'com.wk.cd.system.us.action.UpdateUserAction', null, 1, 1, 2, 3, 3, 1, 1, null);
INSERT INTO SV_SRV (SRV_NAME, SUP_SRVG_CODE, SRV_BK_DESC, SRV_FUN_TYPE, SRV_CLASS_NAME, SRV_METHOD_NAME, CHECK_FLAG, AUTH_FLAG, SOC_FLAG, SALLOW_FLAG, LOG_LEVEL, RCD_STATE, APROV_TYPE, CUSTOM_RS_CODE) VALUES ('us_UpdateUserColPrivAction', '03', '修改用户Col权限信息', 6, 'com.wk.cd.system.us.action.UpdateUserColPrivAction', null, 1, 1, 2, 3, 3, 1, 1, null);
INSERT INTO SV_SRV (SRV_NAME, SUP_SRVG_CODE, SRV_BK_DESC, SRV_FUN_TYPE, SRV_CLASS_NAME, SRV_METHOD_NAME, CHECK_FLAG, AUTH_FLAG, SOC_FLAG, SALLOW_FLAG, LOG_LEVEL, RCD_STATE, APROV_TYPE, CUSTOM_RS_CODE) VALUES ('us_UpdateUserRsOptPrivAction', '03', '修改用户资源及操作权限信息', 6, 'com.wk.cd.system.us.action.UpdateUserRsOptPrivAction', null, 1, 1, 2, 3, 3, 1, 1, null);
INSERT INTO SV_SRV (SRV_NAME, SUP_SRVG_CODE, SRV_BK_DESC, SRV_FUN_TYPE, SRV_CLASS_NAME, SRV_METHOD_NAME, CHECK_FLAG, AUTH_FLAG, SOC_FLAG, SALLOW_FLAG, LOG_LEVEL, RCD_STATE, APROV_TYPE, CUSTOM_RS_CODE) VALUES ('us_UpdateUserSocPrivAction', '03', '修改用户数据源权限信息', 6, 'com.wk.cd.system.us.action.UpdateUserSocPrivAction', null, 1, 1, 2, 3, 3, 1, 1, null);
INSERT INTO SV_SRV (SRV_NAME, SUP_SRVG_CODE, SRV_BK_DESC, SRV_FUN_TYPE, SRV_CLASS_NAME, SRV_METHOD_NAME, CHECK_FLAG, AUTH_FLAG, SOC_FLAG, SALLOW_FLAG, LOG_LEVEL, RCD_STATE, APROV_TYPE, CUSTOM_RS_CODE) VALUES ('us_UpdateUserSqlPrivAction', '03', '修改用户Sql权限信息', 6, 'com.wk.cd.system.us.action.UpdateUserSqlPrivAction', null, 1, 1, 2, 3, 3, 1, 1, null);
INSERT INTO SV_SRV (SRV_NAME, SUP_SRVG_CODE, SRV_BK_DESC, SRV_FUN_TYPE, SRV_CLASS_NAME, SRV_METHOD_NAME, CHECK_FLAG, AUTH_FLAG, SOC_FLAG, SALLOW_FLAG, LOG_LEVEL, RCD_STATE, APROV_TYPE, CUSTOM_RS_CODE) VALUES ('us_UpdateUserTempColPrivAction', '03', '修改用户临时Col权限信息', 6, 'com.wk.cd.system.us.action.UpdateUserTempColPrivAction', null, 1, 1, 2, 3, 3, 1, 1, null);
INSERT INTO SV_SRV (SRV_NAME, SUP_SRVG_CODE, SRV_BK_DESC, SRV_FUN_TYPE, SRV_CLASS_NAME, SRV_METHOD_NAME, CHECK_FLAG, AUTH_FLAG, SOC_FLAG, SALLOW_FLAG, LOG_LEVEL, RCD_STATE, APROV_TYPE, CUSTOM_RS_CODE) VALUES ('us_UpdateUserTempRsPrivAction', '03', '修改用户临时资源权限信息', 6, 'com.wk.cd.system.us.action.UpdateUserTempRsPrivAction', null, 1, 1, 2, 3, 3, 1, 1, null);
INSERT INTO SV_SRV (SRV_NAME, SUP_SRVG_CODE, SRV_BK_DESC, SRV_FUN_TYPE, SRV_CLASS_NAME, SRV_METHOD_NAME, CHECK_FLAG, AUTH_FLAG, SOC_FLAG, SALLOW_FLAG, LOG_LEVEL, RCD_STATE, APROV_TYPE, CUSTOM_RS_CODE) VALUES ('us_UpdateUserTempSocPrivAction', '03', '修改用户临时数据源权限信息', 6, 'com.wk.cd.system.us.action.UpdateUserTempSocPrivAction', null, 1, 1, 2, 3, 3, 1, 1, null);
INSERT INTO SV_SRV (SRV_NAME, SUP_SRVG_CODE, SRV_BK_DESC, SRV_FUN_TYPE, SRV_CLASS_NAME, SRV_METHOD_NAME, CHECK_FLAG, AUTH_FLAG, SOC_FLAG, SALLOW_FLAG, LOG_LEVEL, RCD_STATE, APROV_TYPE, CUSTOM_RS_CODE) VALUES ('us_UpdateUserTempSqlPrivAction', '03', '修改用户临时Sql权限信息', 6, 'com.wk.cd.system.us.action.UpdateUserTempSqlPrivAction', null, 1, 1, 2, 3, 3, 1, 1, null);
INSERT INTO SV_SRV (SRV_NAME, SUP_SRVG_CODE, SRV_BK_DESC, SRV_FUN_TYPE, SRV_CLASS_NAME, SRV_METHOD_NAME, CHECK_FLAG, AUTH_FLAG, SOC_FLAG, SALLOW_FLAG, LOG_LEVEL, RCD_STATE, APROV_TYPE, CUSTOM_RS_CODE) VALUES ('us_UpdateUserTermUseStateAction', '03', '修改用户接入终端的启用状态', 6, 'com.wk.cd.system.us.action.UpdateUserTermUseStateAction', null, 1, 1, 2, 3, 3, 1, 1, null);
INSERT INTO SV_SRV (SRV_NAME, SUP_SRVG_CODE, SRV_BK_DESC, SRV_FUN_TYPE, SRV_CLASS_NAME, SRV_METHOD_NAME, CHECK_FLAG, AUTH_FLAG, SOC_FLAG, SALLOW_FLAG, LOG_LEVEL, RCD_STATE, APROV_TYPE, CUSTOM_RS_CODE) VALUES ('us_UserForceLogoutAction', '03', '用户强制签退', 6, 'com.wk.cd.system.us.action.UserForceLogoutAction', null, 1, 1, 2, 3, 3, 1, 1, null);
INSERT INTO SV_SRV (SRV_NAME, SUP_SRVG_CODE, SRV_BK_DESC, SRV_FUN_TYPE, SRV_CLASS_NAME, SRV_METHOD_NAME, CHECK_FLAG, AUTH_FLAG, SOC_FLAG, SALLOW_FLAG, LOG_LEVEL, RCD_STATE, APROV_TYPE, CUSTOM_RS_CODE) VALUES ('us_UserLoginInAction', '01', '用户登录', 6, 'com.wk.cd.system.us.action.UserLoginInAction', null, 2, 2, 2, 3, 2, 1, 1, null);
INSERT INTO SV_SRV (SRV_NAME, SUP_SRVG_CODE, SRV_BK_DESC, SRV_FUN_TYPE, SRV_CLASS_NAME, SRV_METHOD_NAME, CHECK_FLAG, AUTH_FLAG, SOC_FLAG, SALLOW_FLAG, LOG_LEVEL, RCD_STATE, APROV_TYPE, CUSTOM_RS_CODE) VALUES ('us_UserLogoutAction', '01', '用户登出', 6, 'com.wk.cd.system.us.action.UserLogoutAction', null, 2, 2, 2, 3, 2, 1, 1, null);
INSERT INTO SV_SRV (SRV_NAME, SUP_SRVG_CODE, SRV_BK_DESC, SRV_FUN_TYPE, SRV_CLASS_NAME, SRV_METHOD_NAME, CHECK_FLAG, AUTH_FLAG, SOC_FLAG, SALLOW_FLAG, LOG_LEVEL, RCD_STATE, APROV_TYPE, CUSTOM_RS_CODE) VALUES ('us_ViewUsforAppActiongetDeptUserlist', '03', '根据执行用户ID查询所在部门所有用户ID（app）', 7, 'com.wk.cd.system.us.action.ViewUsforAppAction', 'getDeptUserlist', 2, 2, 2, 3, 1, 1, 1, null);
INSERT INTO SV_SRV (SRV_NAME, SUP_SRVG_CODE, SRV_BK_DESC, SRV_FUN_TYPE, SRV_CLASS_NAME, SRV_METHOD_NAME, CHECK_FLAG, AUTH_FLAG, SOC_FLAG, SALLOW_FLAG, LOG_LEVEL, RCD_STATE, APROV_TYPE, CUSTOM_RS_CODE) VALUES ('us_ViewUsforAppActiongetDeptUserListForWeb', '03', '根据执行用户ID查询所在部门所有用户ID和中文名,提供Web端', 7, 'com.wk.cd.system.us.action.ViewUsforAppAction', 'getDeptUserListForWeb', 2, 2, 2, 3, 1, 1, 1, null);
INSERT INTO SV_SRV (SRV_NAME, SUP_SRVG_CODE, SRV_BK_DESC, SRV_FUN_TYPE, SRV_CLASS_NAME, SRV_METHOD_NAME, CHECK_FLAG, AUTH_FLAG, SOC_FLAG, SALLOW_FLAG, LOG_LEVEL, RCD_STATE, APROV_TYPE, CUSTOM_RS_CODE) VALUES ('us_ViewUsforAppActiongetUserListByDept', '11', '根据部门编号返回人员列表', 7, 'com.wk.cd.system.us.action.ViewUsforAppAction', 'getUserListByDept', 2, 2, 2, 3, 1, 1, 1, null);
INSERT INTO SV_SRV (SRV_NAME, SUP_SRVG_CODE, SRV_BK_DESC, SRV_FUN_TYPE, SRV_CLASS_NAME, SRV_METHOD_NAME, CHECK_FLAG, AUTH_FLAG, SOC_FLAG, SALLOW_FLAG, LOG_LEVEL, RCD_STATE, APROV_TYPE, CUSTOM_RS_CODE) VALUES ('us_ViewUsforAppActionqueryRoleByDept', '03', '根据部门编号查询部门角色列表', 7, 'com.wk.cd.system.us.action.ViewUsforAppAction', 'queryRoleByDept', 2, 2, 2, 3, 1, 1, 1, null);
INSERT INTO SV_SRV (SRV_NAME, SUP_SRVG_CODE, SRV_BK_DESC, SRV_FUN_TYPE, SRV_CLASS_NAME, SRV_METHOD_NAME, CHECK_FLAG, AUTH_FLAG, SOC_FLAG, SALLOW_FLAG, LOG_LEVEL, RCD_STATE, APROV_TYPE, CUSTOM_RS_CODE) VALUES ('wk_AuthPendWorkAction', '01', '任务授权', 1, 'com.wk.cd.work.wk.action.AuthPendWorkAction', null, 2, 2, 2, 3, 2, 1, 1, null);
INSERT INTO SV_SRV (SRV_NAME, SUP_SRVG_CODE, SRV_BK_DESC, SRV_FUN_TYPE, SRV_CLASS_NAME, SRV_METHOD_NAME, CHECK_FLAG, AUTH_FLAG, SOC_FLAG, SALLOW_FLAG, LOG_LEVEL, RCD_STATE, APROV_TYPE, CUSTOM_RS_CODE) VALUES ('wk_CheckPendWorkAction', '01', '任务复核', 1, 'com.wk.cd.work.wk.action.CheckPendWorkAction', null, 2, 2, 2, 3, 2, 1, 1, null);
INSERT INTO SV_SRV (SRV_NAME, SUP_SRVG_CODE, SRV_BK_DESC, SRV_FUN_TYPE, SRV_CLASS_NAME, SRV_METHOD_NAME, CHECK_FLAG, AUTH_FLAG, SOC_FLAG, SALLOW_FLAG, LOG_LEVEL, RCD_STATE, APROV_TYPE, CUSTOM_RS_CODE) VALUES ('wk_PageMineHistoryUnauthAction', '01', '分页查询我的历史授权任务列表', 1, 'com.wk.cd.work.wk.action.PageMineHistoryUnauthAction', null, 2, 2, 2, 3, 1, 1, 1, null);
INSERT INTO SV_SRV (SRV_NAME, SUP_SRVG_CODE, SRV_BK_DESC, SRV_FUN_TYPE, SRV_CLASS_NAME, SRV_METHOD_NAME, CHECK_FLAG, AUTH_FLAG, SOC_FLAG, SALLOW_FLAG, LOG_LEVEL, RCD_STATE, APROV_TYPE, CUSTOM_RS_CODE) VALUES ('wk_PageMineHistoryUncheckAction', '01', '分页查询我的历史复核任务列表', 1, 'com.wk.cd.work.wk.action.PageMineHistoryUncheckAction', null, 2, 2, 2, 3, 1, 1, 1, null);
INSERT INTO SV_SRV (SRV_NAME, SUP_SRVG_CODE, SRV_BK_DESC, SRV_FUN_TYPE, SRV_CLASS_NAME, SRV_METHOD_NAME, CHECK_FLAG, AUTH_FLAG, SOC_FLAG, SALLOW_FLAG, LOG_LEVEL, RCD_STATE, APROV_TYPE, CUSTOM_RS_CODE) VALUES ('wk_PageMineHistoryWorkAction', '01', '分页查询我的历史任务列表', 1, 'com.wk.cd.work.wk.action.PageMineHistoryWorkAction', null, 2, 2, 2, 3, 1, 1, 1, null);
INSERT INTO SV_SRV (SRV_NAME, SUP_SRVG_CODE, SRV_BK_DESC, SRV_FUN_TYPE, SRV_CLASS_NAME, SRV_METHOD_NAME, CHECK_FLAG, AUTH_FLAG, SOC_FLAG, SALLOW_FLAG, LOG_LEVEL, RCD_STATE, APROV_TYPE, CUSTOM_RS_CODE) VALUES ('wk_PageQueryWorkStateAction', '01', '查询个人创建任务状态', 1, 'com.wk.cd.work.wk.action.PageQueryWorkStateAction', null, 2, 2, 2, 3, 1, 1, 1, null);
INSERT INTO SV_SRV (SRV_NAME, SUP_SRVG_CODE, SRV_BK_DESC, SRV_FUN_TYPE, SRV_CLASS_NAME, SRV_METHOD_NAME, CHECK_FLAG, AUTH_FLAG, SOC_FLAG, SALLOW_FLAG, LOG_LEVEL, RCD_STATE, APROV_TYPE, CUSTOM_RS_CODE) VALUES ('wk_PageUnauthWorkAction', '01', '查询待授权任务', 1, 'com.wk.cd.work.wk.action.PageUnauthWorkAction', null, 2, 2, 2, 3, 1, 1, 1, null);
INSERT INTO SV_SRV (SRV_NAME, SUP_SRVG_CODE, SRV_BK_DESC, SRV_FUN_TYPE, SRV_CLASS_NAME, SRV_METHOD_NAME, CHECK_FLAG, AUTH_FLAG, SOC_FLAG, SALLOW_FLAG, LOG_LEVEL, RCD_STATE, APROV_TYPE, CUSTOM_RS_CODE) VALUES ('wk_PageUncheckWorkAction', '01', '查询待复核任务', 1, 'com.wk.cd.work.wk.action.PageUncheckWorkAction', null, 2, 2, 2, 3, 1, 1, 1, null);
INSERT INTO SV_SRV (SRV_NAME, SUP_SRVG_CODE, SRV_BK_DESC, SRV_FUN_TYPE, SRV_CLASS_NAME, SRV_METHOD_NAME, CHECK_FLAG, AUTH_FLAG, SOC_FLAG, SALLOW_FLAG, LOG_LEVEL, RCD_STATE, APROV_TYPE, CUSTOM_RS_CODE) VALUES ('wk_PageUnexecuteWorkAction', '01', '查询待执行任务', 1, 'com.wk.cd.work.wk.action.PageUnexecuteWorkAction', null, 2, 2, 2, 3, 1, 1, 1, null);
INSERT INTO SV_SRV (SRV_NAME, SUP_SRVG_CODE, SRV_BK_DESC, SRV_FUN_TYPE, SRV_CLASS_NAME, SRV_METHOD_NAME, CHECK_FLAG, AUTH_FLAG, SOC_FLAG, SALLOW_FLAG, LOG_LEVEL, RCD_STATE, APROV_TYPE, CUSTOM_RS_CODE) VALUES ('wk_PageUnhandleWorkAction', '01', '查询需待复核或者待授权的任务', 3, 'com.wk.cd.work.wk.action.PageUnhandleWorkAction', null, 2, 2, 2, 3, 1, 1, 1, null);
INSERT INTO SV_SRV (SRV_NAME, SUP_SRVG_CODE, SRV_BK_DESC, SRV_FUN_TYPE, SRV_CLASS_NAME, SRV_METHOD_NAME, CHECK_FLAG, AUTH_FLAG, SOC_FLAG, SALLOW_FLAG, LOG_LEVEL, RCD_STATE, APROV_TYPE, CUSTOM_RS_CODE) VALUES ('wk_QueryMineUnauthWorkAction', '01', '查询由我授权的任务列表', 1, 'com.wk.cd.work.wk.action.QueryMineUnauthWorkAction', null, 2, 2, 2, 3, 1, 1, 1, null);
INSERT INTO SV_SRV (SRV_NAME, SUP_SRVG_CODE, SRV_BK_DESC, SRV_FUN_TYPE, SRV_CLASS_NAME, SRV_METHOD_NAME, CHECK_FLAG, AUTH_FLAG, SOC_FLAG, SALLOW_FLAG, LOG_LEVEL, RCD_STATE, APROV_TYPE, CUSTOM_RS_CODE) VALUES ('wk_QueryMineUncheckWorkAction', '01', '查询由我复核的任务列表', 1, 'com.wk.cd.work.wk.action.QueryMineUncheckWorkAction', null, 2, 2, 2, 3, 1, 1, 1, null);
INSERT INTO SV_SRV (SRV_NAME, SUP_SRVG_CODE, SRV_BK_DESC, SRV_FUN_TYPE, SRV_CLASS_NAME, SRV_METHOD_NAME, CHECK_FLAG, AUTH_FLAG, SOC_FLAG, SALLOW_FLAG, LOG_LEVEL, RCD_STATE, APROV_TYPE, CUSTOM_RS_CODE) VALUES ('wk_QueryMineWorkListAction', '01', '我申请的任务处理列表查询', 1, 'com.wk.cd.work.wk.action.QueryMineWorkListAction', null, 2, 2, 2, 3, 1, 1, 1, null);
INSERT INTO SV_SRV (SRV_NAME, SUP_SRVG_CODE, SRV_BK_DESC, SRV_FUN_TYPE, SRV_CLASS_NAME, SRV_METHOD_NAME, CHECK_FLAG, AUTH_FLAG, SOC_FLAG, SALLOW_FLAG, LOG_LEVEL, RCD_STATE, APROV_TYPE, CUSTOM_RS_CODE) VALUES ('wk_QueryPendWorkByWorkSeqAction', '01', '查询任务的状态、明细和输入接口值', 1, 'com.wk.cd.work.wk.action.QueryPendWorkByWorkSeqAction', null, 2, 2, 2, 3, 1, 1, 1, null);
INSERT INTO SV_SRV (SRV_NAME, SUP_SRVG_CODE, SRV_BK_DESC, SRV_FUN_TYPE, SRV_CLASS_NAME, SRV_METHOD_NAME, CHECK_FLAG, AUTH_FLAG, SOC_FLAG, SALLOW_FLAG, LOG_LEVEL, RCD_STATE, APROV_TYPE, CUSTOM_RS_CODE) VALUES ('wk_QueryWorkDetailAction', '01', '任务详情查看', 1, 'com.wk.cd.work.wk.action.QueryWorkDetailAction', null, 2, 2, 2, 3, 1, 1, 1, null);
INSERT INTO SV_SRV (SRV_NAME, SUP_SRVG_CODE, SRV_BK_DESC, SRV_FUN_TYPE, SRV_CLASS_NAME, SRV_METHOD_NAME, CHECK_FLAG, AUTH_FLAG, SOC_FLAG, SALLOW_FLAG, LOG_LEVEL, RCD_STATE, APROV_TYPE, CUSTOM_RS_CODE) VALUES ('wk_UpdateWkDealStateByKeyAction', '01', '关闭任务', 1, 'com.wk.cd.work.wk.action.UpdateWkDealStateByKeyAction', null, 2, 2, 2, 3, 1, 1, 1, null);
INSERT INTO SV_SRV (SRV_NAME, SUP_SRVG_CODE, SRV_BK_DESC, SRV_FUN_TYPE, SRV_CLASS_NAME, SRV_METHOD_NAME, CHECK_FLAG, AUTH_FLAG, SOC_FLAG, SALLOW_FLAG, LOG_LEVEL, RCD_STATE, APROV_TYPE, CUSTOM_RS_CODE) VALUES ('wk_ViewWorkActionqueryExecutoryWorkByUserId', '01', '查询待处理任务个数', 7, 'com.wk.cd.work.wk.action.ViewWorkAction', 'queryExecutoryWorkByUserId', 2, 2, 2, 3, 1, 1, 1, null);
INSERT INTO SV_SRV (SRV_NAME, SUP_SRVG_CODE, SRV_BK_DESC, SRV_FUN_TYPE, SRV_CLASS_NAME, SRV_METHOD_NAME, CHECK_FLAG, AUTH_FLAG, SOC_FLAG, SALLOW_FLAG, LOG_LEVEL, RCD_STATE, APROV_TYPE, CUSTOM_RS_CODE) VALUES ('wk_ViewWorkActionqueryStaticPage', '01', '查看静态页面', 7, 'com.wk.cd.work.wk.action.ViewWorkAction', 'queryStaticPage', 2, 2, 2, 3, 1, 1, 1, null);


INSERT INTO sv_srvg (SRVG_CODE, SRVG_CN_NAME, SRVG_BK_DESC, SRVG_FUN_TYPE, BACKUP_FLD) VALUES ('01', '平台基础服务组', '平台基础服务组', 6, null);
INSERT INTO sv_srvg (SRVG_CODE, SRVG_CN_NAME, SRVG_BK_DESC, SRVG_FUN_TYPE, BACKUP_FLD) VALUES ('02', '部门管理服务组', '部门管理服务组', 6, null);
INSERT INTO sv_srvg (SRVG_CODE, SRVG_CN_NAME, SRVG_BK_DESC, SRVG_FUN_TYPE, BACKUP_FLD) VALUES ('03', '用户管理服务组', '用户管理服务组', 6, null);
INSERT INTO sv_srvg (SRVG_CODE, SRVG_CN_NAME, SRVG_BK_DESC, SRVG_FUN_TYPE, BACKUP_FLD) VALUES ('04', '资源管理服务组', '资源管理服务组', 6, null);
INSERT INTO sv_srvg (SRVG_CODE, SRVG_CN_NAME, SRVG_BK_DESC, SRVG_FUN_TYPE, BACKUP_FLD) VALUES ('05', '数据源管理服务组', '数据源管理服务组', 6, null);
INSERT INTO sv_srvg (SRVG_CODE, SRVG_CN_NAME, SRVG_BK_DESC, SRVG_FUN_TYPE, BACKUP_FLD) VALUES ('06', '服务管理服务组', '服务管理服务组', 6, null);
INSERT INTO sv_srvg (SRVG_CODE, SRVG_CN_NAME, SRVG_BK_DESC, SRVG_FUN_TYPE, BACKUP_FLD) VALUES ('07', '数据字典管理服务组', '数据字典管理服务组', 6, null);
INSERT INTO sv_srvg (SRVG_CODE, SRVG_CN_NAME, SRVG_BK_DESC, SRVG_FUN_TYPE, BACKUP_FLD) VALUES ('08', '终端管理服务组', '终端管理服务组', 6, null);
INSERT INTO sv_srvg (SRVG_CODE, SRVG_CN_NAME, SRVG_BK_DESC, SRVG_FUN_TYPE, BACKUP_FLD) VALUES ('09', '渠道管理服务组', '渠道管理服务组', 6, null);
INSERT INTO sv_srvg (SRVG_CODE, SRVG_CN_NAME, SRVG_BK_DESC, SRVG_FUN_TYPE, BACKUP_FLD) VALUES ('10', '系统通知管理服务组', '系统通知管理服务组', 6, null);
INSERT INTO sv_srvg (SRVG_CODE, SRVG_CN_NAME, SRVG_BK_DESC, SRVG_FUN_TYPE, BACKUP_FLD) VALUES ('11', '投产维护服务组', '平台基础服务组', 7, null);


INSERT INTO tm_term (TERM_NO, TERM_TYPE, TERM_BK_DESC, CRT_USER_ID, CRT_DEPT_ID, CRT_BK_DATE, CRT_BK_TIME, BACKUP_FLD) VALUES ('*.*.*.*', 1, '', 'admin', '110001', to_date('2015-02-01','yyyy-mm-dd'), to_date('11:00:00','hh24:mi:ss'), null);



INSERT INTO us_dept_role (DPRL_CODE, DEPT_ID, ROLE_CODE, BK_EXPL) VALUES ('11000101', '110001', '01', '平台超级管理员');
INSERT INTO us_dept_role (DPRL_CODE, DEPT_ID, ROLE_CODE, BK_EXPL) VALUES ('11000104', '110001', '04', '科技部组员');
INSERT INTO us_dept_role (DPRL_CODE, DEPT_ID, ROLE_CODE, BK_EXPL) VALUES ('11000105', '110001', '05', '科技部组长');
INSERT INTO us_dept_role (DPRL_CODE, DEPT_ID, ROLE_CODE, BK_EXPL) VALUES ('11000107', '110001', '07', '科技部经理');
INSERT INTO us_dept_role (DPRL_CODE, DEPT_ID, ROLE_CODE, BK_EXPL) VALUES ('12000704', '120007', '04', '运行支持部组员');
INSERT INTO us_dept_role (DPRL_CODE, DEPT_ID, ROLE_CODE, BK_EXPL) VALUES ('12000705', '120007', '05', '运行支持部组长');
INSERT INTO us_dept_role (DPRL_CODE, DEPT_ID, ROLE_CODE, BK_EXPL) VALUES ('12000707', '120007', '07', '运行支持部经理');
INSERT INTO us_dept_role (DPRL_CODE, DEPT_ID, ROLE_CODE, BK_EXPL) VALUES ('12000804', '120008', '04', '应用管理部组员');
INSERT INTO us_dept_role (DPRL_CODE, DEPT_ID, ROLE_CODE, BK_EXPL) VALUES ('12000805', '120008', '05', '应用管理部组长');
INSERT INTO us_dept_role (DPRL_CODE, DEPT_ID, ROLE_CODE, BK_EXPL) VALUES ('12000807', '120008', '07', '应用管理部经理');

INSERT INTO us_role (ROLE_CODE, ROLE_CN_NAME, ROLE_TYPE, ROLE_BK_DESC, BACKUP_FLD, CRT_BK_DATE, CRT_BK_TIME, CRT_USER_ID, MODIFY_BK_DATE, MODIFY_BK_TIME, MODIFY_USER_ID, DEL_BK_DATE, DEL_BK_TIME, DEL_USER_ID, RCD_STATE) VALUES ('01', '超级管理员', 1, '核心超级管理员', null, to_date('2014-12-16','yyyy-mm-dd'), to_date('21:00:03','hh24:mi:ss'), 'u110101', null, null, null, null, null, null, 1);
INSERT INTO us_role (ROLE_CODE, ROLE_CN_NAME, ROLE_TYPE, ROLE_BK_DESC, BACKUP_FLD, CRT_BK_DATE, CRT_BK_TIME, CRT_USER_ID, MODIFY_BK_DATE, MODIFY_BK_TIME, MODIFY_USER_ID, DEL_BK_DATE, DEL_BK_TIME, DEL_USER_ID, RCD_STATE) VALUES ('02', '信息管理员', 2, '信息管理员', null, to_date('2014-12-16','yyyy-mm-dd'), to_date('21:00:03','hh24:mi:ss'), 'us_manager', null, null, null, null, null, null, 1);
INSERT INTO us_role (ROLE_CODE, ROLE_CN_NAME, ROLE_TYPE, ROLE_BK_DESC, BACKUP_FLD, CRT_BK_DATE, CRT_BK_TIME, CRT_USER_ID, MODIFY_BK_DATE, MODIFY_BK_TIME, MODIFY_USER_ID, DEL_BK_DATE, DEL_BK_TIME, DEL_USER_ID, RCD_STATE) VALUES ('03', '问题库管理员', 3, '问题库管理员', null, to_date('2014-12-16','yyyy-mm-dd'), to_date('21:00:03','hh24:mi:ss'), 'us_manager', null, null, null, null, null, null, 1);
INSERT INTO us_role (ROLE_CODE, ROLE_CN_NAME, ROLE_TYPE, ROLE_BK_DESC, BACKUP_FLD, CRT_BK_DATE, CRT_BK_TIME, CRT_USER_ID, MODIFY_BK_DATE, MODIFY_BK_TIME, MODIFY_USER_ID, DEL_BK_DATE, DEL_BK_TIME, DEL_USER_ID, RCD_STATE) VALUES ('04', '组员', 4, '组员', null, to_date('2014-12-16','yyyy-mm-dd'), to_date('21:00:03','hh24:mi:ss'), 'us_manager', null, null, null, null, null, null, 1);
INSERT INTO us_role (ROLE_CODE, ROLE_CN_NAME, ROLE_TYPE, ROLE_BK_DESC, BACKUP_FLD, CRT_BK_DATE, CRT_BK_TIME, CRT_USER_ID, MODIFY_BK_DATE, MODIFY_BK_TIME, MODIFY_USER_ID, DEL_BK_DATE, DEL_BK_TIME, DEL_USER_ID, RCD_STATE) VALUES ('05', '组长', 5, '组长', null, to_date('2014-12-16','yyyy-mm-dd'), to_date('21:00:00','hh24:mi:ss'), 'us_manager', null, null, null, null, null, null, 1);
INSERT INTO us_role (ROLE_CODE, ROLE_CN_NAME, ROLE_TYPE, ROLE_BK_DESC, BACKUP_FLD, CRT_BK_DATE, CRT_BK_TIME, CRT_USER_ID, MODIFY_BK_DATE, MODIFY_BK_TIME, MODIFY_USER_ID, DEL_BK_DATE, DEL_BK_TIME, DEL_USER_ID, RCD_STATE) VALUES ('06', '副经理', 6, '副经理', null, to_date('2014-12-16','yyyy-mm-dd'), to_date('21:00:00','hh24:mi:ss'), 'us_manager', null, null, null, null, null, null, 1);
INSERT INTO us_role (ROLE_CODE, ROLE_CN_NAME, ROLE_TYPE, ROLE_BK_DESC, BACKUP_FLD, CRT_BK_DATE, CRT_BK_TIME, CRT_USER_ID, MODIFY_BK_DATE, MODIFY_BK_TIME, MODIFY_USER_ID, DEL_BK_DATE, DEL_BK_TIME, DEL_USER_ID, RCD_STATE) VALUES ('07', '经理', 7, '经理', null, to_date('2014-12-16','yyyy-mm-dd'), to_date('21:00:00','hh24:mi:ss'), 'us_manager', null, null, null, null, null, null, 1);
INSERT INTO us_role (ROLE_CODE, ROLE_CN_NAME, ROLE_TYPE, ROLE_BK_DESC, BACKUP_FLD, CRT_BK_DATE, CRT_BK_TIME, CRT_USER_ID, MODIFY_BK_DATE, MODIFY_BK_TIME, MODIFY_USER_ID, DEL_BK_DATE, DEL_BK_TIME, DEL_USER_ID, RCD_STATE) VALUES ('08', '副总经理', 8, '副总经理', null, to_date('2014-12-16','yyyy-mm-dd'), to_date('21:00:00','hh24:mi:ss'), 'us_manager', null, null, null, null, null, null, 1);
INSERT INTO us_role (ROLE_CODE, ROLE_CN_NAME, ROLE_TYPE, ROLE_BK_DESC, BACKUP_FLD, CRT_BK_DATE, CRT_BK_TIME, CRT_USER_ID, MODIFY_BK_DATE, MODIFY_BK_TIME, MODIFY_USER_ID, DEL_BK_DATE, DEL_BK_TIME, DEL_USER_ID, RCD_STATE) VALUES ('09', '总经理', 9, '总经理', null, to_date('2014-12-16','yyyy-mm-dd'), to_date('21:00:00','hh24:mi:ss'), 'us_manager', null, null, null, null, null, null, 1);


INSERT INTO US_USER (USER_ID, USER_PASSWD, PWDEXP_BK_DATE, USER_CN_NAME, EMAIL_ADD, PHONE_NO, TELLER_NO, LOGIN_BK_NUM, BL_DEPT_ID, USER_TYPE, FIRST_DEPT_ID, SECD_DEPT_ID, THIRD_DEPT_ID, BACKUP_FLD, CRT_BK_DATE, CRT_BK_TIME, CRT_USER_ID, MODIFY_BK_DATE, MODIFY_BK_TIME, MODIFY_USER_ID, DEL_BK_DATE, DEL_BK_TIME, DEL_USER_ID, RCD_STATE) VALUES ('account', '451b40d65f4ef8b6', to_date('2099-12-31','yyyy-mm-dd'), '部门共享帐号', '', '', '', -1, '110001', 1, '', null, null, null, to_date('2016-04-06','yyyy-mm-dd'), to_date('17:23:16','hh24:mi:ss'), 'admin', null, null, null, null, null, null, 1);
INSERT INTO US_USER (USER_ID, USER_PASSWD, PWDEXP_BK_DATE, USER_CN_NAME, EMAIL_ADD, PHONE_NO, TELLER_NO, LOGIN_BK_NUM, BL_DEPT_ID, USER_TYPE, FIRST_DEPT_ID, SECD_DEPT_ID, THIRD_DEPT_ID, BACKUP_FLD, CRT_BK_DATE, CRT_BK_TIME, CRT_USER_ID, MODIFY_BK_DATE, MODIFY_BK_TIME, MODIFY_USER_ID, DEL_BK_DATE, DEL_BK_TIME, DEL_USER_ID, RCD_STATE) VALUES ('admin', '451b40d65f4ef8b6', to_date('2099-12-31','yyyy-mm-dd'), '超级管理员', 'admin1@qq.com', '13100001111', '', -1, '110001', 1, '', '', '', null, null, null, null, to_date('2016-01-20','yyyy-mm-dd'), to_date('10:09:50','hh24:mi:ss'), 'admin', null, null, null, 1);

INSERT INTO us_user_role (USER_ID, DPRL_CODE, USER_BK_WEIGHT, BACKUP_FLD) VALUES ('admin', '11000101', 1, null);
INSERT INTO us_user_role (USER_ID, DPRL_CODE, USER_BK_WEIGHT, BACKUP_FLD) VALUES ('account', '11000101', 6, null);

INSERT INTO us_role_rs_priv (DPRL_CODE, RS_CODE, BACKUP_FLD) select '11000101',rs_code, '' from RS_RES WHERE PUBLIC_YN_FLAG = 2 AND RCD_STATE = 1;
INSERT INTO dp_dept_rs_priv (DEPT_ID, RS_CODE, BACKUP_FLD) select '110001',rs_code, '' from RS_RES WHERE PUBLIC_YN_FLAG = 2 AND RCD_STATE = 1;
